"cycle","time","temp","well","a600","strain"
1,0,28.5,"A1",0.0943000018596649,"CONTROL"
1,0,28.5,"A2",0.094700001180172,"DH5A"
1,0,28.5,"A3",0.0904999971389771,"DRAD"
1,0,28.5,"A4",0.0939000025391579,"CM1"
1,0,28.5,"A5",0.0908999964594841,"1FH2"
1,0,28.5,"A6",0.0930999964475632,"1F5"
1,0,28.5,"A7",0.0939999967813492,"1F1"
1,0,28.5,"B1",0.0912000015377998,"CONTROL"
1,0,28.5,"B2",0.138199999928474,"DH5A"
1,0,28.5,"B3",0.141299992799759,"DRAD"
1,0,28.5,"B4",0.125400006771088,"CM1"
1,0,28.5,"B5",0.109099999070168,"1FH2"
1,0,28.5,"B6",0.0891000032424927,"1F5"
1,0,28.5,"B7",0.090599998831749,"1F1"
1,0,28.5,"C1",0.0912000015377998,"CONTROL"
1,0,28.5,"C2",0.126399993896484,"DH5A"
1,0,28.5,"C3",0.131099998950958,"DRAD"
1,0,28.5,"C4",0.12890000641346,"CM1"
1,0,28.5,"C5",0.119300000369549,"1FH2"
1,0,28.5,"C6",0.117700003087521,"1F5"
1,0,28.5,"C7",0.092399999499321,"1F1"
1,0,28.5,"D1",0.093800000846386,"CONTROL"
1,0,28.5,"D2",0.115800000727177,"DH5A"
1,0,28.5,"D3",0.13510000705719,"DRAD"
1,0,28.5,"D4",0.141100004315376,"CM1"
1,0,28.5,"D5",0.124499998986721,"1FH2"
1,0,28.5,"D6",0.125,"1F5"
1,0,28.5,"D7",0.0903000012040138,"1F1"
1,0,28.5,"E1",0.093699999153614,"CONTROL"
1,0,28.5,"E2",0.142800003290176,"DH5A"
1,0,28.5,"E3",0.129600003361702,"DRAD"
1,0,28.5,"E4",0.135299995541573,"CM1"
1,0,28.5,"E5",0.137999996542931,"1FH2"
1,0,28.5,"E6",0.12950000166893,"1F5"
1,0,28.5,"E7",0.0912000015377998,"1F1"
1,0,28.5,"F1",0.0944000035524368,"CONTROL"
1,0,28.5,"F2",0.145699992775917,"DH5A"
1,0,28.5,"F3",0.150800004601479,"DRAD"
1,0,28.5,"F4",0.138999998569489,"CM1"
1,0,28.5,"F5",0.1283999979496,"1FH2"
1,0,28.5,"F6",0.126300007104874,"1F5"
1,0,28.5,"F7",0.111599996685982,"1F1"
1,0,28.5,"G1",0.0917000025510788,"CONTROL"
1,0,28.5,"G2",0.146799996495247,"DH5A"
1,0,28.5,"G3",0.135000005364418,"DRAD"
1,0,28.5,"G4",0.139400005340576,"CM1"
1,0,28.5,"G5",0.119699999690056,"1FH2"
1,0,28.5,"G6",0.093800000846386,"1F5"
1,0,28.5,"G7",0.0930000022053719,"1F1"
1,0,28.5,"H1",0.096900001168251,"CONTROL"
1,0,28.5,"H2",0.0952999964356422,"DH5A"
1,0,28.5,"H3",0.0964000001549721,"DRAD"
1,0,28.5,"H4",0.0907000005245209,"CM1"
1,0,28.5,"H5",0.0912000015377998,"1FH2"
1,0,28.5,"H6",0.0939000025391579,"1F5"
2,1799.9,29.8,"A1",0.0944,"CONTROL"
2,1799.9,29.8,"A2",0.0901,"DH5A"
2,1799.9,29.8,"A3",0.0904,"DRAD"
2,1799.9,29.8,"A4",0.0931,"CM1"
2,1799.9,29.8,"A5",0.0903,"1FH2"
2,1799.9,29.8,"A6",0.0936,"1F5"
2,1799.9,29.8,"A7",0.0932,"1F1"
2,1799.9,29.8,"B1",0.0918,"CONTROL"
2,1799.9,29.8,"B2",0.0898,"DH5A"
2,1799.9,29.8,"B3",0.0939,"DRAD"
2,1799.9,29.8,"B4",0.094,"CM1"
2,1799.9,29.8,"B5",0.0938,"1FH2"
2,1799.9,29.8,"B6",0.0894,"1F5"
2,1799.9,29.8,"B7",0.0905,"1F1"
2,1799.9,29.8,"C1",0.0911,"CONTROL"
2,1799.9,29.8,"C2",0.0912,"DH5A"
2,1799.9,29.8,"C3",0.0922,"DRAD"
2,1799.9,29.8,"C4",0.0948,"CM1"
2,1799.9,29.8,"C5",0.0922,"1FH2"
2,1799.9,29.8,"C6",0.096,"1F5"
2,1799.9,29.8,"C7",0.0928,"1F1"
2,1799.9,29.8,"D1",0.0938,"CONTROL"
2,1799.9,29.8,"D2",0.0901,"DH5A"
2,1799.9,29.8,"D3",0.0942,"DRAD"
2,1799.9,29.8,"D4",0.0944,"CM1"
2,1799.9,29.8,"D5",0.0837,"1FH2"
2,1799.9,29.8,"D6",0.0939,"1F5"
2,1799.9,29.8,"D7",0.0906,"1F1"
2,1799.9,29.8,"E1",0.0937,"CONTROL"
2,1799.9,29.8,"E2",0.0944,"DH5A"
2,1799.9,29.8,"E3",0.0887,"DRAD"
2,1799.9,29.8,"E4",0.0941,"CM1"
2,1799.9,29.8,"E5",0.0996,"1FH2"
2,1799.9,29.8,"E6",0.0969,"1F5"
2,1799.9,29.8,"E7",0.0913,"1F1"
2,1799.9,29.8,"F1",0.0946,"CONTROL"
2,1799.9,29.8,"F2",0.0922,"DH5A"
2,1799.9,29.8,"F3",0.0935,"DRAD"
2,1799.9,29.8,"F4",0.0943,"CM1"
2,1799.9,29.8,"F5",0.0908,"1FH2"
2,1799.9,29.8,"F6",0.0949,"1F5"
2,1799.9,29.8,"F7",0.1124,"1F1"
2,1799.9,29.8,"G1",0.0915,"CONTROL"
2,1799.9,29.8,"G2",0.091,"DH5A"
2,1799.9,29.8,"G3",0.0867,"DRAD"
2,1799.9,29.8,"G4",0.0956,"CM1"
2,1799.9,29.8,"G5",0.0942,"1FH2"
2,1799.9,29.8,"G6",0.0945,"1F5"
2,1799.9,29.8,"G7",0.0937,"1F1"
2,1799.9,29.8,"H1",0.0964,"CONTROL"
2,1799.9,29.8,"H2",0.0914,"DH5A"
2,1799.9,29.8,"H3",0.0964,"DRAD"
2,1799.9,29.8,"H4",0.091,"CM1"
2,1799.9,29.8,"H5",0.0915,"1FH2"
2,1799.9,29.8,"H6",0.095,"1F5"
3,3599.8,30.1,"A1",0.0946,"CONTROL"
3,3599.8,30.1,"A2",0.0902,"DH5A"
3,3599.8,30.1,"A3",0.0906,"DRAD"
3,3599.8,30.1,"A4",0.0919,"CM1"
3,3599.8,30.1,"A5",0.091,"1FH2"
3,3599.8,30.1,"A6",0.095,"1F5"
3,3599.8,30.1,"A7",0.0969,"1F1"
3,3599.8,30.1,"B1",0.093,"CONTROL"
3,3599.8,30.1,"B2",0.0902,"DH5A"
3,3599.8,30.1,"B3",0.0938,"DRAD"
3,3599.8,30.1,"B4",0.0942,"CM1"
3,3599.8,30.1,"B5",0.0943,"1FH2"
3,3599.8,30.1,"B6",0.0912,"1F5"
3,3599.8,30.1,"B7",0.0909,"1F1"
3,3599.8,30.1,"C1",0.0911,"CONTROL"
3,3599.8,30.1,"C2",0.0917,"DH5A"
3,3599.8,30.1,"C3",0.0922,"DRAD"
3,3599.8,30.1,"C4",0.095,"CM1"
3,3599.8,30.1,"C5",0.0932,"1FH2"
3,3599.8,30.1,"C6",0.0979,"1F5"
3,3599.8,30.1,"C7",0.0934,"1F1"
3,3599.8,30.1,"D1",0.094,"CONTROL"
3,3599.8,30.1,"D2",0.0909,"DH5A"
3,3599.8,30.1,"D3",0.0943,"DRAD"
3,3599.8,30.1,"D4",0.0946,"CM1"
3,3599.8,30.1,"D5",0.0846,"1FH2"
3,3599.8,30.1,"D6",0.0963,"1F5"
3,3599.8,30.1,"D7",0.0917,"1F1"
3,3599.8,30.1,"E1",0.0939,"CONTROL"
3,3599.8,30.1,"E2",0.095,"DH5A"
3,3599.8,30.1,"E3",0.0888,"DRAD"
3,3599.8,30.1,"E4",0.0945,"CM1"
3,3599.8,30.1,"E5",0.1003,"1FH2"
3,3599.8,30.1,"E6",0.0985,"1F5"
3,3599.8,30.1,"E7",0.092,"1F1"
3,3599.8,30.1,"F1",0.0952,"CONTROL"
3,3599.8,30.1,"F2",0.0932,"DH5A"
3,3599.8,30.1,"F3",0.0939,"DRAD"
3,3599.8,30.1,"F4",0.0943,"CM1"
3,3599.8,30.1,"F5",0.0912,"1FH2"
3,3599.8,30.1,"F6",0.0967,"1F5"
3,3599.8,30.1,"F7",0.113,"1F1"
3,3599.8,30.1,"G1",0.0919,"CONTROL"
3,3599.8,30.1,"G2",0.0917,"DH5A"
3,3599.8,30.1,"G3",0.0873,"DRAD"
3,3599.8,30.1,"G4",0.0963,"CM1"
3,3599.8,30.1,"G5",0.0948,"1FH2"
3,3599.8,30.1,"G6",0.0958,"1F5"
3,3599.8,30.1,"G7",0.0943,"1F1"
3,3599.8,30.1,"H1",0.0968,"CONTROL"
3,3599.8,30.1,"H2",0.0952,"DH5A"
3,3599.8,30.1,"H3",0.0963,"DRAD"
3,3599.8,30.1,"H4",0.0916,"CM1"
3,3599.8,30.1,"H5",0.0921,"1FH2"
3,3599.8,30.1,"H6",0.0959,"1F5"
4,5399.8,30.1,"A1",0.0944,"CONTROL"
4,5399.8,30.1,"A2",0.0913,"DH5A"
4,5399.8,30.1,"A3",0.0909,"DRAD"
4,5399.8,30.1,"A4",0.0931,"CM1"
4,5399.8,30.1,"A5",0.0928,"1FH2"
4,5399.8,30.1,"A6",0.0986,"1F5"
4,5399.8,30.1,"A7",0.1003,"1F1"
4,5399.8,30.1,"B1",0.0934,"CONTROL"
4,5399.8,30.1,"B2",0.0909,"DH5A"
4,5399.8,30.1,"B3",0.0939,"DRAD"
4,5399.8,30.1,"B4",0.0949,"CM1"
4,5399.8,30.1,"B5",0.0955,"1FH2"
4,5399.8,30.1,"B6",0.095,"1F5"
4,5399.8,30.1,"B7",0.0923,"1F1"
4,5399.8,30.1,"C1",0.0911,"CONTROL"
4,5399.8,30.1,"C2",0.0923,"DH5A"
4,5399.8,30.1,"C3",0.0921,"DRAD"
4,5399.8,30.1,"C4",0.0957,"CM1"
4,5399.8,30.1,"C5",0.0942,"1FH2"
4,5399.8,30.1,"C6",0.1032,"1F5"
4,5399.8,30.1,"C7",0.095,"1F1"
4,5399.8,30.1,"D1",0.0942,"CONTROL"
4,5399.8,30.1,"D2",0.0914,"DH5A"
4,5399.8,30.1,"D3",0.0942,"DRAD"
4,5399.8,30.1,"D4",0.0952,"CM1"
4,5399.8,30.1,"D5",0.0858,"1FH2"
4,5399.8,30.1,"D6",0.1002,"1F5"
4,5399.8,30.1,"D7",0.0935,"1F1"
4,5399.8,30.1,"E1",0.0935,"CONTROL"
4,5399.8,30.1,"E2",0.0957,"DH5A"
4,5399.8,30.1,"E3",0.0892,"DRAD"
4,5399.8,30.1,"E4",0.0947,"CM1"
4,5399.8,30.1,"E5",0.1006,"1FH2"
4,5399.8,30.1,"E6",0.1004,"1F5"
4,5399.8,30.1,"E7",0.0941,"1F1"
4,5399.8,30.1,"F1",0.0951,"CONTROL"
4,5399.8,30.1,"F2",0.0936,"DH5A"
4,5399.8,30.1,"F3",0.094,"DRAD"
4,5399.8,30.1,"F4",0.0944,"CM1"
4,5399.8,30.1,"F5",0.0916,"1FH2"
4,5399.8,30.1,"F6",0.0997,"1F5"
4,5399.8,30.1,"F7",0.1145,"1F1"
4,5399.8,30.1,"G1",0.0922,"CONTROL"
4,5399.8,30.1,"G2",0.0923,"DH5A"
4,5399.8,30.1,"G3",0.0876,"DRAD"
4,5399.8,30.1,"G4",0.0965,"CM1"
4,5399.8,30.1,"G5",0.0951,"1FH2"
4,5399.8,30.1,"G6",0.0972,"1F5"
4,5399.8,30.1,"G7",0.0953,"1F1"
4,5399.8,30.1,"H1",0.0952,"CONTROL"
4,5399.8,30.1,"H2",0.0947,"DH5A"
4,5399.8,30.1,"H3",0.0961,"DRAD"
4,5399.8,30.1,"H4",0.0921,"CM1"
4,5399.8,30.1,"H5",0.0926,"1FH2"
4,5399.8,30.1,"H6",0.0989,"1F5"
5,7199.8,30.1,"A1",0.0944,"CONTROL"
5,7199.8,30.1,"A2",0.0923,"DH5A"
5,7199.8,30.1,"A3",0.091,"DRAD"
5,7199.8,30.1,"A4",0.0964,"CM1"
5,7199.8,30.1,"A5",0.094,"1FH2"
5,7199.8,30.1,"A6",0.1043,"1F5"
5,7199.8,30.1,"A7",0.1092,"1F1"
5,7199.8,30.1,"B1",0.0936,"CONTROL"
5,7199.8,30.1,"B2",0.0917,"DH5A"
5,7199.8,30.1,"B3",0.0939,"DRAD"
5,7199.8,30.1,"B4",0.0962,"CM1"
5,7199.8,30.1,"B5",0.0964,"1FH2"
5,7199.8,30.1,"B6",0.1014,"1F5"
5,7199.8,30.1,"B7",0.101,"1F1"
5,7199.8,30.1,"C1",0.0913,"CONTROL"
5,7199.8,30.1,"C2",0.0933,"DH5A"
5,7199.8,30.1,"C3",0.0921,"DRAD"
5,7199.8,30.1,"C4",0.0973,"CM1"
5,7199.8,30.1,"C5",0.0961,"1FH2"
5,7199.8,30.1,"C6",0.1096,"1F5"
5,7199.8,30.1,"C7",0.1016,"1F1"
5,7199.8,30.1,"D1",0.0938,"CONTROL"
5,7199.8,30.1,"D2",0.0922,"DH5A"
5,7199.8,30.1,"D3",0.0943,"DRAD"
5,7199.8,30.1,"D4",0.0968,"CM1"
5,7199.8,30.1,"D5",0.0881,"1FH2"
5,7199.8,30.1,"D6",0.1066,"1F5"
5,7199.8,30.1,"D7",0.099,"1F1"
5,7199.8,30.1,"E1",0.0937,"CONTROL"
5,7199.8,30.1,"E2",0.0966,"DH5A"
5,7199.8,30.1,"E3",0.0894,"DRAD"
5,7199.8,30.1,"E4",0.0962,"CM1"
5,7199.8,30.1,"E5",0.1026,"1FH2"
5,7199.8,30.1,"E6",0.1068,"1F5"
5,7199.8,30.1,"E7",0.0985,"1F1"
5,7199.8,30.1,"F1",0.0947,"CONTROL"
5,7199.8,30.1,"F2",0.0947,"DH5A"
5,7199.8,30.1,"F3",0.0942,"DRAD"
5,7199.8,30.1,"F4",0.0959,"CM1"
5,7199.8,30.1,"F5",0.093,"1FH2"
5,7199.8,30.1,"F6",0.1045,"1F5"
5,7199.8,30.1,"F7",0.1166,"1F1"
5,7199.8,30.1,"G1",0.092,"CONTROL"
5,7199.8,30.1,"G2",0.0932,"DH5A"
5,7199.8,30.1,"G3",0.0881,"DRAD"
5,7199.8,30.1,"G4",0.0974,"CM1"
5,7199.8,30.1,"G5",0.0967,"1FH2"
5,7199.8,30.1,"G6",0.1015,"1F5"
5,7199.8,30.1,"G7",0.1003,"1F1"
5,7199.8,30.1,"H1",0.0965,"CONTROL"
5,7199.8,30.1,"H2",0.0944,"DH5A"
5,7199.8,30.1,"H3",0.0964,"DRAD"
5,7199.8,30.1,"H4",0.0935,"CM1"
5,7199.8,30.1,"H5",0.0932,"1FH2"
5,7199.8,30.1,"H6",0.103,"1F5"
6,8999.7,29.9,"A1",0.0945,"CONTROL"
6,8999.7,29.9,"A2",0.093,"DH5A"
6,8999.7,29.9,"A3",0.091,"DRAD"
6,8999.7,29.9,"A4",0.098,"CM1"
6,8999.7,29.9,"A5",0.0951,"1FH2"
6,8999.7,29.9,"A6",0.1183,"1F5"
6,8999.7,29.9,"A7",0.1206,"1F1"
6,8999.7,29.9,"B1",0.094,"CONTROL"
6,8999.7,29.9,"B2",0.093,"DH5A"
6,8999.7,29.9,"B3",0.0941,"DRAD"
6,8999.7,29.9,"B4",0.0994,"CM1"
6,8999.7,29.9,"B5",0.099,"1FH2"
6,8999.7,29.9,"B6",0.1125,"1F5"
6,8999.7,29.9,"B7",0.1131,"1F1"
6,8999.7,29.9,"C1",0.0916,"CONTROL"
6,8999.7,29.9,"C2",0.0955,"DH5A"
6,8999.7,29.9,"C3",0.0922,"DRAD"
6,8999.7,29.9,"C4",0.0997,"CM1"
6,8999.7,29.9,"C5",0.0977,"1FH2"
6,8999.7,29.9,"C6",0.1161,"1F5"
6,8999.7,29.9,"C7",0.11,"1F1"
6,8999.7,29.9,"D1",0.094,"CONTROL"
6,8999.7,29.9,"D2",0.0934,"DH5A"
6,8999.7,29.9,"D3",0.0944,"DRAD"
6,8999.7,29.9,"D4",0.0992,"CM1"
6,8999.7,29.9,"D5",0.0899,"1FH2"
6,8999.7,29.9,"D6",0.1133,"1F5"
6,8999.7,29.9,"D7",0.1053,"1F1"
6,8999.7,29.9,"E1",0.0939,"CONTROL"
6,8999.7,29.9,"E2",0.0973,"DH5A"
6,8999.7,29.9,"E3",0.0894,"DRAD"
6,8999.7,29.9,"E4",0.0994,"CM1"
6,8999.7,29.9,"E5",0.1048,"1FH2"
6,8999.7,29.9,"E6",0.1148,"1F5"
6,8999.7,29.9,"E7",0.1067,"1F1"
6,8999.7,29.9,"F1",0.0947,"CONTROL"
6,8999.7,29.9,"F2",0.0953,"DH5A"
6,8999.7,29.9,"F3",0.0943,"DRAD"
6,8999.7,29.9,"F4",0.099,"CM1"
6,8999.7,29.9,"F5",0.0947,"1FH2"
6,8999.7,29.9,"F6",0.1105,"1F5"
6,8999.7,29.9,"F7",0.1257,"1F1"
6,8999.7,29.9,"G1",0.0925,"CONTROL"
6,8999.7,29.9,"G2",0.0941,"DH5A"
6,8999.7,29.9,"G3",0.0883,"DRAD"
6,8999.7,29.9,"G4",0.1002,"CM1"
6,8999.7,29.9,"G5",0.0993,"1FH2"
6,8999.7,29.9,"G6",0.108,"1F5"
6,8999.7,29.9,"G7",0.1069,"1F1"
6,8999.7,29.9,"H1",0.0971,"CONTROL"
6,8999.7,29.9,"H2",0.0964,"DH5A"
6,8999.7,29.9,"H3",0.0961,"DRAD"
6,8999.7,29.9,"H4",0.096,"CM1"
6,8999.7,29.9,"H5",0.0948,"1FH2"
6,8999.7,29.9,"H6",0.1105,"1F5"
7,10799.7,30.1,"A1",0.0953,"CONTROL"
7,10799.7,30.1,"A2",0.0947,"DH5A"
7,10799.7,30.1,"A3",0.0912,"DRAD"
7,10799.7,30.1,"A4",0.1025,"CM1"
7,10799.7,30.1,"A5",0.0983,"1FH2"
7,10799.7,30.1,"A6",0.1342,"1F5"
7,10799.7,30.1,"A7",0.1218,"1F1"
7,10799.7,30.1,"B1",0.0934,"CONTROL"
7,10799.7,30.1,"B2",0.0952,"DH5A"
7,10799.7,30.1,"B3",0.0941,"DRAD"
7,10799.7,30.1,"B4",0.1063,"CM1"
7,10799.7,30.1,"B5",0.0995,"1FH2"
7,10799.7,30.1,"B6",0.1235,"1F5"
7,10799.7,30.1,"B7",0.1277,"1F1"
7,10799.7,30.1,"C1",0.0914,"CONTROL"
7,10799.7,30.1,"C2",0.0976,"DH5A"
7,10799.7,30.1,"C3",0.0923,"DRAD"
7,10799.7,30.1,"C4",0.1049,"CM1"
7,10799.7,30.1,"C5",0.0987,"1FH2"
7,10799.7,30.1,"C6",0.131,"1F5"
7,10799.7,30.1,"C7",0.1201,"1F1"
7,10799.7,30.1,"D1",0.0938,"CONTROL"
7,10799.7,30.1,"D2",0.0947,"DH5A"
7,10799.7,30.1,"D3",0.0944,"DRAD"
7,10799.7,30.1,"D4",0.1045,"CM1"
7,10799.7,30.1,"D5",0.0911,"1FH2"
7,10799.7,30.1,"D6",0.1303,"1F5"
7,10799.7,30.1,"D7",0.1183,"1F1"
7,10799.7,30.1,"E1",0.0937,"CONTROL"
7,10799.7,30.1,"E2",0.0985,"DH5A"
7,10799.7,30.1,"E3",0.0895,"DRAD"
7,10799.7,30.1,"E4",0.1044,"CM1"
7,10799.7,30.1,"E5",0.1058,"1FH2"
7,10799.7,30.1,"E6",0.1328,"1F5"
7,10799.7,30.1,"E7",0.1183,"1F1"
7,10799.7,30.1,"F1",0.0941,"CONTROL"
7,10799.7,30.1,"F2",0.0971,"DH5A"
7,10799.7,30.1,"F3",0.0944,"DRAD"
7,10799.7,30.1,"F4",0.1045,"CM1"
7,10799.7,30.1,"F5",0.0963,"1FH2"
7,10799.7,30.1,"F6",0.1275,"1F5"
7,10799.7,30.1,"F7",0.1355,"1F1"
7,10799.7,30.1,"G1",0.0925,"CONTROL"
7,10799.7,30.1,"G2",0.0962,"DH5A"
7,10799.7,30.1,"G3",0.0884,"DRAD"
7,10799.7,30.1,"G4",0.1061,"CM1"
7,10799.7,30.1,"G5",0.1001,"1FH2"
7,10799.7,30.1,"G6",0.1253,"1F5"
7,10799.7,30.1,"G7",0.1137,"1F1"
7,10799.7,30.1,"H1",0.0951,"CONTROL"
7,10799.7,30.1,"H2",0.0982,"DH5A"
7,10799.7,30.1,"H3",0.0963,"DRAD"
7,10799.7,30.1,"H4",0.1018,"CM1"
7,10799.7,30.1,"H5",0.0991,"1FH2"
7,10799.7,30.1,"H6",0.1226,"1F5"
8,12599.6,30.1,"A1",0.0948,"CONTROL"
8,12599.6,30.1,"A2",0.0975,"DH5A"
8,12599.6,30.1,"A3",0.0911,"DRAD"
8,12599.6,30.1,"A4",0.112,"CM1"
8,12599.6,30.1,"A5",0.1165,"1FH2"
8,12599.6,30.1,"A6",0.1608,"1F5"
8,12599.6,30.1,"A7",0.1403,"1F1"
8,12599.6,30.1,"B1",0.094,"CONTROL"
8,12599.6,30.1,"B2",0.0981,"DH5A"
8,12599.6,30.1,"B3",0.0942,"DRAD"
8,12599.6,30.1,"B4",0.1134,"CM1"
8,12599.6,30.1,"B5",0.1226,"1FH2"
8,12599.6,30.1,"B6",0.1621,"1F5"
8,12599.6,30.1,"B7",0.1344,"1F1"
8,12599.6,30.1,"C1",0.0914,"CONTROL"
8,12599.6,30.1,"C2",0.1,"DH5A"
8,12599.6,30.1,"C3",0.0922,"DRAD"
8,12599.6,30.1,"C4",0.112,"CM1"
8,12599.6,30.1,"C5",0.1155,"1FH2"
8,12599.6,30.1,"C6",0.1702,"1F5"
8,12599.6,30.1,"C7",0.13,"1F1"
8,12599.6,30.1,"D1",0.0943,"CONTROL"
8,12599.6,30.1,"D2",0.0967,"DH5A"
8,12599.6,30.1,"D3",0.0944,"DRAD"
8,12599.6,30.1,"D4",0.1111,"CM1"
8,12599.6,30.1,"D5",0.1075,"1FH2"
8,12599.6,30.1,"D6",0.1615,"1F5"
8,12599.6,30.1,"D7",0.1345,"1F1"
8,12599.6,30.1,"E1",0.0938,"CONTROL"
8,12599.6,30.1,"E2",0.0999,"DH5A"
8,12599.6,30.1,"E3",0.0892,"DRAD"
8,12599.6,30.1,"E4",0.1096,"CM1"
8,12599.6,30.1,"E5",0.1243,"1FH2"
8,12599.6,30.1,"E6",0.1636,"1F5"
8,12599.6,30.1,"E7",0.1298,"1F1"
8,12599.6,30.1,"F1",0.0951,"CONTROL"
8,12599.6,30.1,"F2",0.0984,"DH5A"
8,12599.6,30.1,"F3",0.0943,"DRAD"
8,12599.6,30.1,"F4",0.1119,"CM1"
8,12599.6,30.1,"F5",0.1156,"1FH2"
8,12599.6,30.1,"F6",0.1583,"1F5"
8,12599.6,30.1,"F7",0.1394,"1F1"
8,12599.6,30.1,"G1",0.0922,"CONTROL"
8,12599.6,30.1,"G2",0.0989,"DH5A"
8,12599.6,30.1,"G3",0.0884,"DRAD"
8,12599.6,30.1,"G4",0.1119,"CM1"
8,12599.6,30.1,"G5",0.1189,"1FH2"
8,12599.6,30.1,"G6",0.1539,"1F5"
8,12599.6,30.1,"G7",0.1298,"1F1"
8,12599.6,30.1,"H1",0.0961,"CONTROL"
8,12599.6,30.1,"H2",0.1,"DH5A"
8,12599.6,30.1,"H3",0.0962,"DRAD"
8,12599.6,30.1,"H4",0.1079,"CM1"
8,12599.6,30.1,"H5",0.1105,"1FH2"
8,12599.6,30.1,"H6",0.1601,"1F5"
9,14399.6,30.1,"A1",0.0957,"CONTROL"
9,14399.6,30.1,"A2",0.1027,"DH5A"
9,14399.6,30.1,"A3",0.0911,"DRAD"
9,14399.6,30.1,"A4",0.132,"CM1"
9,14399.6,30.1,"A5",0.13,"1FH2"
9,14399.6,30.1,"A6",0.1982,"1F5"
9,14399.6,30.1,"A7",0.1578,"1F1"
9,14399.6,30.1,"B1",0.0941,"CONTROL"
9,14399.6,30.1,"B2",0.1027,"DH5A"
9,14399.6,30.1,"B3",0.0943,"DRAD"
9,14399.6,30.1,"B4",0.1356,"CM1"
9,14399.6,30.1,"B5",0.1285,"1FH2"
9,14399.6,30.1,"B6",0.194,"1F5"
9,14399.6,30.1,"B7",0.14,"1F1"
9,14399.6,30.1,"C1",0.0917,"CONTROL"
9,14399.6,30.1,"C2",0.104,"DH5A"
9,14399.6,30.1,"C3",0.0923,"DRAD"
9,14399.6,30.1,"C4",0.1324,"CM1"
9,14399.6,30.1,"C5",0.1269,"1FH2"
9,14399.6,30.1,"C6",0.1996,"1F5"
9,14399.6,30.1,"C7",0.1439,"1F1"
9,14399.6,30.1,"D1",0.0938,"CONTROL"
9,14399.6,30.1,"D2",0.0988,"DH5A"
9,14399.6,30.1,"D3",0.0944,"DRAD"
9,14399.6,30.1,"D4",0.1327,"CM1"
9,14399.6,30.1,"D5",0.122,"1FH2"
9,14399.6,30.1,"D6",0.1933,"1F5"
9,14399.6,30.1,"D7",0.1541,"1F1"
9,14399.6,30.1,"E1",0.0939,"CONTROL"
9,14399.6,30.1,"E2",0.1032,"DH5A"
9,14399.6,30.1,"E3",0.0895,"DRAD"
9,14399.6,30.1,"E4",0.1296,"CM1"
9,14399.6,30.1,"E5",0.139,"1FH2"
9,14399.6,30.1,"E6",0.1976,"1F5"
9,14399.6,30.1,"E7",0.1459,"1F1"
9,14399.6,30.1,"F1",0.0943,"CONTROL"
9,14399.6,30.1,"F2",0.1013,"DH5A"
9,14399.6,30.1,"F3",0.0943,"DRAD"
9,14399.6,30.1,"F4",0.1298,"CM1"
9,14399.6,30.1,"F5",0.1321,"1FH2"
9,14399.6,30.1,"F6",0.1944,"1F5"
9,14399.6,30.1,"F7",0.1577,"1F1"
9,14399.6,30.1,"G1",0.0917,"CONTROL"
9,14399.6,30.1,"G2",0.1036,"DH5A"
9,14399.6,30.1,"G3",0.0889,"DRAD"
9,14399.6,30.1,"G4",0.132,"CM1"
9,14399.6,30.1,"G5",0.1384,"1FH2"
9,14399.6,30.1,"G6",0.1911,"1F5"
9,14399.6,30.1,"G7",0.1455,"1F1"
9,14399.6,30.1,"H1",0.0975,"CONTROL"
9,14399.6,30.1,"H2",0.1026,"DH5A"
9,14399.6,30.1,"H3",0.0964,"DRAD"
9,14399.6,30.1,"H4",0.127,"CM1"
9,14399.6,30.1,"H5",0.1319,"1FH2"
9,14399.6,30.1,"H6",0.195,"1F5"
10,16199.6,30.2,"A1",0.0945,"CONTROL"
10,16199.6,30.2,"A2",0.1082,"DH5A"
10,16199.6,30.2,"A3",0.0912,"DRAD"
10,16199.6,30.2,"A4",0.1554,"CM1"
10,16199.6,30.2,"A5",0.1385,"1FH2"
10,16199.6,30.2,"A6",0.2289,"1F5"
10,16199.6,30.2,"A7",0.1702,"1F1"
10,16199.6,30.2,"B1",0.0941,"CONTROL"
10,16199.6,30.2,"B2",0.11,"DH5A"
10,16199.6,30.2,"B3",0.0944,"DRAD"
10,16199.6,30.2,"B4",0.1567,"CM1"
10,16199.6,30.2,"B5",0.1363,"1FH2"
10,16199.6,30.2,"B6",0.2192,"1F5"
10,16199.6,30.2,"B7",0.1663,"1F1"
10,16199.6,30.2,"C1",0.0916,"CONTROL"
10,16199.6,30.2,"C2",0.111,"DH5A"
10,16199.6,30.2,"C3",0.0923,"DRAD"
10,16199.6,30.2,"C4",0.1561,"CM1"
10,16199.6,30.2,"C5",0.1387,"1FH2"
10,16199.6,30.2,"C6",0.2287,"1F5"
10,16199.6,30.2,"C7",0.1568,"1F1"
10,16199.6,30.2,"D1",0.0942,"CONTROL"
10,16199.6,30.2,"D2",0.1033,"DH5A"
10,16199.6,30.2,"D3",0.0944,"DRAD"
10,16199.6,30.2,"D4",0.1586,"CM1"
10,16199.6,30.2,"D5",0.1315,"1FH2"
10,16199.6,30.2,"D6",0.2275,"1F5"
10,16199.6,30.2,"D7",0.1708,"1F1"
10,16199.6,30.2,"E1",0.0933,"CONTROL"
10,16199.6,30.2,"E2",0.1063,"DH5A"
10,16199.6,30.2,"E3",0.0892,"DRAD"
10,16199.6,30.2,"E4",0.1539,"CM1"
10,16199.6,30.2,"E5",0.149,"1FH2"
10,16199.6,30.2,"E6",0.2243,"1F5"
10,16199.6,30.2,"E7",0.1629,"1F1"
10,16199.6,30.2,"F1",0.0939,"CONTROL"
10,16199.6,30.2,"F2",0.1056,"DH5A"
10,16199.6,30.2,"F3",0.0942,"DRAD"
10,16199.6,30.2,"F4",0.1554,"CM1"
10,16199.6,30.2,"F5",0.142,"1FH2"
10,16199.6,30.2,"F6",0.2203,"1F5"
10,16199.6,30.2,"F7",0.1824,"1F1"
10,16199.6,30.2,"G1",0.0913,"CONTROL"
10,16199.6,30.2,"G2",0.1097,"DH5A"
10,16199.6,30.2,"G3",0.0885,"DRAD"
10,16199.6,30.2,"G4",0.1578,"CM1"
10,16199.6,30.2,"G5",0.1491,"1FH2"
10,16199.6,30.2,"G6",0.2288,"1F5"
10,16199.6,30.2,"G7",0.1639,"1F1"
10,16199.6,30.2,"H1",0.0957,"CONTROL"
10,16199.6,30.2,"H2",0.1079,"DH5A"
10,16199.6,30.2,"H3",0.0959,"DRAD"
10,16199.6,30.2,"H4",0.1579,"CM1"
10,16199.6,30.2,"H5",0.1459,"1FH2"
10,16199.6,30.2,"H6",0.2305,"1F5"
11,17999.5,30,"A1",0.0954,"CONTROL"
11,17999.5,30,"A2",0.1181,"DH5A"
11,17999.5,30,"A3",0.0912,"DRAD"
11,17999.5,30,"A4",0.1788,"CM1"
11,17999.5,30,"A5",0.1462,"1FH2"
11,17999.5,30,"A6",0.2585,"1F5"
11,17999.5,30,"A7",0.1858,"1F1"
11,17999.5,30,"B1",0.0933,"CONTROL"
11,17999.5,30,"B2",0.1198,"DH5A"
11,17999.5,30,"B3",0.0945,"DRAD"
11,17999.5,30,"B4",0.1801,"CM1"
11,17999.5,30,"B5",0.1464,"1FH2"
11,17999.5,30,"B6",0.2493,"1F5"
11,17999.5,30,"B7",0.1906,"1F1"
11,17999.5,30,"C1",0.0914,"CONTROL"
11,17999.5,30,"C2",0.1197,"DH5A"
11,17999.5,30,"C3",0.0923,"DRAD"
11,17999.5,30,"C4",0.1766,"CM1"
11,17999.5,30,"C5",0.1425,"1FH2"
11,17999.5,30,"C6",0.2564,"1F5"
11,17999.5,30,"C7",0.1855,"1F1"
11,17999.5,30,"D1",0.0944,"CONTROL"
11,17999.5,30,"D2",0.1098,"DH5A"
11,17999.5,30,"D3",0.0946,"DRAD"
11,17999.5,30,"D4",0.1825,"CM1"
11,17999.5,30,"D5",0.1391,"1FH2"
11,17999.5,30,"D6",0.2505,"1F5"
11,17999.5,30,"D7",0.1995,"1F1"
11,17999.5,30,"E1",0.0938,"CONTROL"
11,17999.5,30,"E2",0.1126,"DH5A"
11,17999.5,30,"E3",0.0894,"DRAD"
11,17999.5,30,"E4",0.1755,"CM1"
11,17999.5,30,"E5",0.1577,"1FH2"
11,17999.5,30,"E6",0.2461,"1F5"
11,17999.5,30,"E7",0.1821,"1F1"
11,17999.5,30,"F1",0.0933,"CONTROL"
11,17999.5,30,"F2",0.1118,"DH5A"
11,17999.5,30,"F3",0.0944,"DRAD"
11,17999.5,30,"F4",0.1767,"CM1"
11,17999.5,30,"F5",0.1505,"1FH2"
11,17999.5,30,"F6",0.2385,"1F5"
11,17999.5,30,"F7",0.2147,"1F1"
11,17999.5,30,"G1",0.0923,"CONTROL"
11,17999.5,30,"G2",0.1191,"DH5A"
11,17999.5,30,"G3",0.0888,"DRAD"
11,17999.5,30,"G4",0.1772,"CM1"
11,17999.5,30,"G5",0.1526,"1FH2"
11,17999.5,30,"G6",0.2401,"1F5"
11,17999.5,30,"G7",0.1861,"1F1"
11,17999.5,30,"H1",0.0964,"CONTROL"
11,17999.5,30,"H2",0.118,"DH5A"
11,17999.5,30,"H3",0.0961,"DRAD"
11,17999.5,30,"H4",0.1809,"CM1"
11,17999.5,30,"H5",0.1556,"1FH2"
11,17999.5,30,"H6",0.2534,"1F5"
12,19799.5,30,"A1",0.0946,"CONTROL"
12,19799.5,30,"A2",0.1325,"DH5A"
12,19799.5,30,"A3",0.0914,"DRAD"
12,19799.5,30,"A4",0.2018,"CM1"
12,19799.5,30,"A5",0.1518,"1FH2"
12,19799.5,30,"A6",0.2798,"1F5"
12,19799.5,30,"A7",0.199,"1F1"
12,19799.5,30,"B1",0.0939,"CONTROL"
12,19799.5,30,"B2",0.1324,"DH5A"
12,19799.5,30,"B3",0.0945,"DRAD"
12,19799.5,30,"B4",0.2013,"CM1"
12,19799.5,30,"B5",0.151,"1FH2"
12,19799.5,30,"B6",0.2686,"1F5"
12,19799.5,30,"B7",0.2172,"1F1"
12,19799.5,30,"C1",0.0913,"CONTROL"
12,19799.5,30,"C2",0.1328,"DH5A"
12,19799.5,30,"C3",0.0924,"DRAD"
12,19799.5,30,"C4",0.1965,"CM1"
12,19799.5,30,"C5",0.1573,"1FH2"
12,19799.5,30,"C6",0.2791,"1F5"
12,19799.5,30,"C7",0.2383,"1F1"
12,19799.5,30,"D1",0.0935,"CONTROL"
12,19799.5,30,"D2",0.1196,"DH5A"
12,19799.5,30,"D3",0.0948,"DRAD"
12,19799.5,30,"D4",0.2021,"CM1"
12,19799.5,30,"D5",0.1482,"1FH2"
12,19799.5,30,"D6",0.2685,"1F5"
12,19799.5,30,"D7",0.2281,"1F1"
12,19799.5,30,"E1",0.0938,"CONTROL"
12,19799.5,30,"E2",0.1212,"DH5A"
12,19799.5,30,"E3",0.0896,"DRAD"
12,19799.5,30,"E4",0.1957,"CM1"
12,19799.5,30,"E5",0.1679,"1FH2"
12,19799.5,30,"E6",0.2627,"1F5"
12,19799.5,30,"E7",0.2022,"1F1"
12,19799.5,30,"F1",0.0931,"CONTROL"
12,19799.5,30,"F2",0.1202,"DH5A"
12,19799.5,30,"F3",0.0945,"DRAD"
12,19799.5,30,"F4",0.1981,"CM1"
12,19799.5,30,"F5",0.1606,"1FH2"
12,19799.5,30,"F6",0.2592,"1F5"
12,19799.5,30,"F7",0.2477,"1F1"
12,19799.5,30,"G1",0.0929,"CONTROL"
12,19799.5,30,"G2",0.1294,"DH5A"
12,19799.5,30,"G3",0.0887,"DRAD"
12,19799.5,30,"G4",0.1968,"CM1"
12,19799.5,30,"G5",0.1611,"1FH2"
12,19799.5,30,"G6",0.2618,"1F5"
12,19799.5,30,"G7",0.191,"1F1"
12,19799.5,30,"H1",0.0952,"CONTROL"
12,19799.5,30,"H2",0.1279,"DH5A"
12,19799.5,30,"H3",0.0962,"DRAD"
12,19799.5,30,"H4",0.1996,"CM1"
12,19799.5,30,"H5",0.1676,"1FH2"
12,19799.5,30,"H6",0.2721,"1F5"
13,21599.4,30,"A1",0.0954,"CONTROL"
13,21599.4,30,"A2",0.1497,"DH5A"
13,21599.4,30,"A3",0.0914,"DRAD"
13,21599.4,30,"A4",0.221,"CM1"
13,21599.4,30,"A5",0.1624,"1FH2"
13,21599.4,30,"A6",0.3011,"1F5"
13,21599.4,30,"A7",0.2225,"1F1"
13,21599.4,30,"B1",0.0937,"CONTROL"
13,21599.4,30,"B2",0.1506,"DH5A"
13,21599.4,30,"B3",0.0947,"DRAD"
13,21599.4,30,"B4",0.2201,"CM1"
13,21599.4,30,"B5",0.166,"1FH2"
13,21599.4,30,"B6",0.2967,"1F5"
13,21599.4,30,"B7",0.2346,"1F1"
13,21599.4,30,"C1",0.0916,"CONTROL"
13,21599.4,30,"C2",0.1486,"DH5A"
13,21599.4,30,"C3",0.0926,"DRAD"
13,21599.4,30,"C4",0.2155,"CM1"
13,21599.4,30,"C5",0.1688,"1FH2"
13,21599.4,30,"C6",0.3007,"1F5"
13,21599.4,30,"C7",0.2623,"1F1"
13,21599.4,30,"D1",0.0942,"CONTROL"
13,21599.4,30,"D2",0.1335,"DH5A"
13,21599.4,30,"D3",0.095,"DRAD"
13,21599.4,30,"D4",0.2187,"CM1"
13,21599.4,30,"D5",0.1631,"1FH2"
13,21599.4,30,"D6",0.2985,"1F5"
13,21599.4,30,"D7",0.2372,"1F1"
13,21599.4,30,"E1",0.0934,"CONTROL"
13,21599.4,30,"E2",0.1344,"DH5A"
13,21599.4,30,"E3",0.0897,"DRAD"
13,21599.4,30,"E4",0.2164,"CM1"
13,21599.4,30,"E5",0.1764,"1FH2"
13,21599.4,30,"E6",0.2942,"1F5"
13,21599.4,30,"E7",0.2085,"1F1"
13,21599.4,30,"F1",0.0941,"CONTROL"
13,21599.4,30,"F2",0.1338,"DH5A"
13,21599.4,30,"F3",0.0948,"DRAD"
13,21599.4,30,"F4",0.2153,"CM1"
13,21599.4,30,"F5",0.1704,"1FH2"
13,21599.4,30,"F6",0.2843,"1F5"
13,21599.4,30,"F7",0.2699,"1F1"
13,21599.4,30,"G1",0.0922,"CONTROL"
13,21599.4,30,"G2",0.1464,"DH5A"
13,21599.4,30,"G3",0.0891,"DRAD"
13,21599.4,30,"G4",0.219,"CM1"
13,21599.4,30,"G5",0.177,"1FH2"
13,21599.4,30,"G6",0.2886,"1F5"
13,21599.4,30,"G7",0.2013,"1F1"
13,21599.4,30,"H1",0.0956,"CONTROL"
13,21599.4,30,"H2",0.1437,"DH5A"
13,21599.4,30,"H3",0.0964,"DRAD"
13,21599.4,30,"H4",0.2207,"CM1"
13,21599.4,30,"H5",0.1759,"1FH2"
13,21599.4,30,"H6",0.2981,"1F5"
14,23399.4,30,"A1",0.0946,"CONTROL"
14,23399.4,30,"A2",0.1661,"DH5A"
14,23399.4,30,"A3",0.0914,"DRAD"
14,23399.4,30,"A4",0.2334,"CM1"
14,23399.4,30,"A5",0.1717,"1FH2"
14,23399.4,30,"A6",0.3312,"1F5"
14,23399.4,30,"A7",0.2553,"1F1"
14,23399.4,30,"B1",0.0939,"CONTROL"
14,23399.4,30,"B2",0.1689,"DH5A"
14,23399.4,30,"B3",0.0945,"DRAD"
14,23399.4,30,"B4",0.2312,"CM1"
14,23399.4,30,"B5",0.1798,"1FH2"
14,23399.4,30,"B6",0.323,"1F5"
14,23399.4,30,"B7",0.2468,"1F1"
14,23399.4,30,"C1",0.0913,"CONTROL"
14,23399.4,30,"C2",0.1668,"DH5A"
14,23399.4,30,"C3",0.0927,"DRAD"
14,23399.4,30,"C4",0.2263,"CM1"
14,23399.4,30,"C5",0.182,"1FH2"
14,23399.4,30,"C6",0.3246,"1F5"
14,23399.4,30,"C7",0.3139,"1F1"
14,23399.4,30,"D1",0.0943,"CONTROL"
14,23399.4,30,"D2",0.1486,"DH5A"
14,23399.4,30,"D3",0.0947,"DRAD"
14,23399.4,30,"D4",0.2273,"CM1"
14,23399.4,30,"D5",0.1773,"1FH2"
14,23399.4,30,"D6",0.3208,"1F5"
14,23399.4,30,"D7",0.2778,"1F1"
14,23399.4,30,"E1",0.0937,"CONTROL"
14,23399.4,30,"E2",0.1515,"DH5A"
14,23399.4,30,"E3",0.0896,"DRAD"
14,23399.4,30,"E4",0.2267,"CM1"
14,23399.4,30,"E5",0.1897,"1FH2"
14,23399.4,30,"E6",0.3145,"1F5"
14,23399.4,30,"E7",0.2197,"1F1"
14,23399.4,30,"F1",0.0938,"CONTROL"
14,23399.4,30,"F2",0.1484,"DH5A"
14,23399.4,30,"F3",0.0949,"DRAD"
14,23399.4,30,"F4",0.2299,"CM1"
14,23399.4,30,"F5",0.1844,"1FH2"
14,23399.4,30,"F6",0.3081,"1F5"
14,23399.4,30,"F7",0.2834,"1F1"
14,23399.4,30,"G1",0.0932,"CONTROL"
14,23399.4,30,"G2",0.1645,"DH5A"
14,23399.4,30,"G3",0.0892,"DRAD"
14,23399.4,30,"G4",0.2324,"CM1"
14,23399.4,30,"G5",0.1863,"1FH2"
14,23399.4,30,"G6",0.311,"1F5"
14,23399.4,30,"G7",0.2331,"1F1"
14,23399.4,30,"H1",0.0945,"CONTROL"
14,23399.4,30,"H2",0.1549,"DH5A"
14,23399.4,30,"H3",0.0964,"DRAD"
14,23399.4,30,"H4",0.2353,"CM1"
14,23399.4,30,"H5",0.1857,"1FH2"
14,23399.4,30,"H6",0.3242,"1F5"
15,25199.3,30.1,"A1",0.0948,"CONTROL"
15,25199.3,30.1,"A2",0.1849,"DH5A"
15,25199.3,30.1,"A3",0.0915,"DRAD"
15,25199.3,30.1,"A4",0.2422,"CM1"
15,25199.3,30.1,"A5",0.184,"1FH2"
15,25199.3,30.1,"A6",0.345,"1F5"
15,25199.3,30.1,"A7",0.2768,"1F1"
15,25199.3,30.1,"B1",0.0934,"CONTROL"
15,25199.3,30.1,"B2",0.1917,"DH5A"
15,25199.3,30.1,"B3",0.0949,"DRAD"
15,25199.3,30.1,"B4",0.2373,"CM1"
15,25199.3,30.1,"B5",0.1914,"1FH2"
15,25199.3,30.1,"B6",0.3342,"1F5"
15,25199.3,30.1,"B7",0.2249,"1F1"
15,25199.3,30.1,"C1",0.0916,"CONTROL"
15,25199.3,30.1,"C2",0.1876,"DH5A"
15,25199.3,30.1,"C3",0.0931,"DRAD"
15,25199.3,30.1,"C4",0.2347,"CM1"
15,25199.3,30.1,"C5",0.1917,"1FH2"
15,25199.3,30.1,"C6",0.3381,"1F5"
15,25199.3,30.1,"C7",0.3038,"1F1"
15,25199.3,30.1,"D1",0.0944,"CONTROL"
15,25199.3,30.1,"D2",0.1637,"DH5A"
15,25199.3,30.1,"D3",0.0951,"DRAD"
15,25199.3,30.1,"D4",0.2387,"CM1"
15,25199.3,30.1,"D5",0.1929,"1FH2"
15,25199.3,30.1,"D6",0.337,"1F5"
15,25199.3,30.1,"D7",0.2777,"1F1"
15,25199.3,30.1,"E1",0.0935,"CONTROL"
15,25199.3,30.1,"E2",0.1656,"DH5A"
15,25199.3,30.1,"E3",0.0901,"DRAD"
15,25199.3,30.1,"E4",0.2374,"CM1"
15,25199.3,30.1,"E5",0.2029,"1FH2"
15,25199.3,30.1,"E6",0.3246,"1F5"
15,25199.3,30.1,"E7",0.2374,"1F1"
15,25199.3,30.1,"F1",0.0933,"CONTROL"
15,25199.3,30.1,"F2",0.1627,"DH5A"
15,25199.3,30.1,"F3",0.0951,"DRAD"
15,25199.3,30.1,"F4",0.2404,"CM1"
15,25199.3,30.1,"F5",0.1984,"1FH2"
15,25199.3,30.1,"F6",0.318,"1F5"
15,25199.3,30.1,"F7",0.2952,"1F1"
15,25199.3,30.1,"G1",0.0924,"CONTROL"
15,25199.3,30.1,"G2",0.1802,"DH5A"
15,25199.3,30.1,"G3",0.0891,"DRAD"
15,25199.3,30.1,"G4",0.2477,"CM1"
15,25199.3,30.1,"G5",0.2023,"1FH2"
15,25199.3,30.1,"G6",0.3248,"1F5"
15,25199.3,30.1,"G7",0.2562,"1F1"
15,25199.3,30.1,"H1",0.0959,"CONTROL"
15,25199.3,30.1,"H2",0.1716,"DH5A"
15,25199.3,30.1,"H3",0.0966,"DRAD"
15,25199.3,30.1,"H4",0.2544,"CM1"
15,25199.3,30.1,"H5",0.2001,"1FH2"
15,25199.3,30.1,"H6",0.3396,"1F5"
16,26999.3,30.1,"A1",0.0956,"CONTROL"
16,26999.3,30.1,"A2",0.2083,"DH5A"
16,26999.3,30.1,"A3",0.0914,"DRAD"
16,26999.3,30.1,"A4",0.2439,"CM1"
16,26999.3,30.1,"A5",0.2007,"1FH2"
16,26999.3,30.1,"A6",0.3579,"1F5"
16,26999.3,30.1,"A7",0.2851,"1F1"
16,26999.3,30.1,"B1",0.0937,"CONTROL"
16,26999.3,30.1,"B2",0.2094,"DH5A"
16,26999.3,30.1,"B3",0.0948,"DRAD"
16,26999.3,30.1,"B4",0.2437,"CM1"
16,26999.3,30.1,"B5",0.2025,"1FH2"
16,26999.3,30.1,"B6",0.3489,"1F5"
16,26999.3,30.1,"B7",0.2299,"1F1"
16,26999.3,30.1,"C1",0.0913,"CONTROL"
16,26999.3,30.1,"C2",0.2086,"DH5A"
16,26999.3,30.1,"C3",0.0931,"DRAD"
16,26999.3,30.1,"C4",0.2392,"CM1"
16,26999.3,30.1,"C5",0.2048,"1FH2"
16,26999.3,30.1,"C6",0.3533,"1F5"
16,26999.3,30.1,"C7",0.3013,"1F1"
16,26999.3,30.1,"D1",0.0942,"CONTROL"
16,26999.3,30.1,"D2",0.1795,"DH5A"
16,26999.3,30.1,"D3",0.0953,"DRAD"
16,26999.3,30.1,"D4",0.2432,"CM1"
16,26999.3,30.1,"D5",0.2082,"1FH2"
16,26999.3,30.1,"D6",0.3415,"1F5"
16,26999.3,30.1,"D7",0.2807,"1F1"
16,26999.3,30.1,"E1",0.0935,"CONTROL"
16,26999.3,30.1,"E2",0.1853,"DH5A"
16,26999.3,30.1,"E3",0.0906,"DRAD"
16,26999.3,30.1,"E4",0.2433,"CM1"
16,26999.3,30.1,"E5",0.2202,"1FH2"
16,26999.3,30.1,"E6",0.3332,"1F5"
16,26999.3,30.1,"E7",0.2443,"1F1"
16,26999.3,30.1,"F1",0.0928,"CONTROL"
16,26999.3,30.1,"F2",0.1821,"DH5A"
16,26999.3,30.1,"F3",0.0957,"DRAD"
16,26999.3,30.1,"F4",0.2459,"CM1"
16,26999.3,30.1,"F5",0.2106,"1FH2"
16,26999.3,30.1,"F6",0.3285,"1F5"
16,26999.3,30.1,"F7",0.3105,"1F1"
16,26999.3,30.1,"G1",0.0928,"CONTROL"
16,26999.3,30.1,"G2",0.2026,"DH5A"
16,26999.3,30.1,"G3",0.0895,"DRAD"
16,26999.3,30.1,"G4",0.2553,"CM1"
16,26999.3,30.1,"G5",0.2134,"1FH2"
16,26999.3,30.1,"G6",0.3366,"1F5"
16,26999.3,30.1,"G7",0.2665,"1F1"
16,26999.3,30.1,"H1",0.0966,"CONTROL"
16,26999.3,30.1,"H2",0.1918,"DH5A"
16,26999.3,30.1,"H3",0.0969,"DRAD"
16,26999.3,30.1,"H4",0.2627,"CM1"
16,26999.3,30.1,"H5",0.2045,"1FH2"
16,26999.3,30.1,"H6",0.3548,"1F5"
17,28799.3,30,"A1",0.0948,"CONTROL"
17,28799.3,30,"A2",0.2359,"DH5A"
17,28799.3,30,"A3",0.0919,"DRAD"
17,28799.3,30,"A4",0.2415,"CM1"
17,28799.3,30,"A5",0.2067,"1FH2"
17,28799.3,30,"A6",0.3711,"1F5"
17,28799.3,30,"A7",0.2927,"1F1"
17,28799.3,30,"B1",0.0936,"CONTROL"
17,28799.3,30,"B2",0.2397,"DH5A"
17,28799.3,30,"B3",0.0954,"DRAD"
17,28799.3,30,"B4",0.2439,"CM1"
17,28799.3,30,"B5",0.2168,"1FH2"
17,28799.3,30,"B6",0.3693,"1F5"
17,28799.3,30,"B7",0.2572,"1F1"
17,28799.3,30,"C1",0.0915,"CONTROL"
17,28799.3,30,"C2",0.2319,"DH5A"
17,28799.3,30,"C3",0.0937,"DRAD"
17,28799.3,30,"C4",0.24,"CM1"
17,28799.3,30,"C5",0.215,"1FH2"
17,28799.3,30,"C6",0.3712,"1F5"
17,28799.3,30,"C7",0.3046,"1F1"
17,28799.3,30,"D1",0.0946,"CONTROL"
17,28799.3,30,"D2",0.1977,"DH5A"
17,28799.3,30,"D3",0.0956,"DRAD"
17,28799.3,30,"D4",0.2458,"CM1"
17,28799.3,30,"D5",0.2159,"1FH2"
17,28799.3,30,"D6",0.3604,"1F5"
17,28799.3,30,"D7",0.2856,"1F1"
17,28799.3,30,"E1",0.0936,"CONTROL"
17,28799.3,30,"E2",0.2017,"DH5A"
17,28799.3,30,"E3",0.0908,"DRAD"
17,28799.3,30,"E4",0.2494,"CM1"
17,28799.3,30,"E5",0.2274,"1FH2"
17,28799.3,30,"E6",0.3483,"1F5"
17,28799.3,30,"E7",0.2487,"1F1"
17,28799.3,30,"F1",0.0926,"CONTROL"
17,28799.3,30,"F2",0.1973,"DH5A"
17,28799.3,30,"F3",0.0966,"DRAD"
17,28799.3,30,"F4",0.2478,"CM1"
17,28799.3,30,"F5",0.222,"1FH2"
17,28799.3,30,"F6",0.3427,"1F5"
17,28799.3,30,"F7",0.3142,"1F1"
17,28799.3,30,"G1",0.0916,"CONTROL"
17,28799.3,30,"G2",0.2228,"DH5A"
17,28799.3,30,"G3",0.0892,"DRAD"
17,28799.3,30,"G4",0.2561,"CM1"
17,28799.3,30,"G5",0.2233,"1FH2"
17,28799.3,30,"G6",0.3518,"1F5"
17,28799.3,30,"G7",0.2711,"1F1"
17,28799.3,30,"H1",0.0971,"CONTROL"
17,28799.3,30,"H2",0.2155,"DH5A"
17,28799.3,30,"H3",0.0969,"DRAD"
17,28799.3,30,"H4",0.2733,"CM1"
17,28799.3,30,"H5",0.2115,"1FH2"
17,28799.3,30,"H6",0.3655,"1F5"
18,30599.2,30.2,"A1",0.0951,"CONTROL"
18,30599.2,30.2,"A2",0.2597,"DH5A"
18,30599.2,30.2,"A3",0.092,"DRAD"
18,30599.2,30.2,"A4",0.2472,"CM1"
18,30599.2,30.2,"A5",0.218,"1FH2"
18,30599.2,30.2,"A6",0.3913,"1F5"
18,30599.2,30.2,"A7",0.3007,"1F1"
18,30599.2,30.2,"B1",0.0929,"CONTROL"
18,30599.2,30.2,"B2",0.2623,"DH5A"
18,30599.2,30.2,"B3",0.0957,"DRAD"
18,30599.2,30.2,"B4",0.2422,"CM1"
18,30599.2,30.2,"B5",0.222,"1FH2"
18,30599.2,30.2,"B6",0.3855,"1F5"
18,30599.2,30.2,"B7",0.2829,"1F1"
18,30599.2,30.2,"C1",0.0914,"CONTROL"
18,30599.2,30.2,"C2",0.2568,"DH5A"
18,30599.2,30.2,"C3",0.094,"DRAD"
18,30599.2,30.2,"C4",0.2373,"CM1"
18,30599.2,30.2,"C5",0.2221,"1FH2"
18,30599.2,30.2,"C6",0.3864,"1F5"
18,30599.2,30.2,"C7",0.3173,"1F1"
18,30599.2,30.2,"D1",0.094,"CONTROL"
18,30599.2,30.2,"D2",0.2137,"DH5A"
18,30599.2,30.2,"D3",0.096,"DRAD"
18,30599.2,30.2,"D4",0.2462,"CM1"
18,30599.2,30.2,"D5",0.2305,"1FH2"
18,30599.2,30.2,"D6",0.3782,"1F5"
18,30599.2,30.2,"D7",0.2916,"1F1"
18,30599.2,30.2,"E1",0.0935,"CONTROL"
18,30599.2,30.2,"E2",0.2182,"DH5A"
18,30599.2,30.2,"E3",0.0907,"DRAD"
18,30599.2,30.2,"E4",0.2509,"CM1"
18,30599.2,30.2,"E5",0.2377,"1FH2"
18,30599.2,30.2,"E6",0.3628,"1F5"
18,30599.2,30.2,"E7",0.2511,"1F1"
18,30599.2,30.2,"F1",0.0924,"CONTROL"
18,30599.2,30.2,"F2",0.2174,"DH5A"
18,30599.2,30.2,"F3",0.0986,"DRAD"
18,30599.2,30.2,"F4",0.2517,"CM1"
18,30599.2,30.2,"F5",0.237,"1FH2"
18,30599.2,30.2,"F6",0.3588,"1F5"
18,30599.2,30.2,"F7",0.3208,"1F1"
18,30599.2,30.2,"G1",0.0917,"CONTROL"
18,30599.2,30.2,"G2",0.2503,"DH5A"
18,30599.2,30.2,"G3",0.0899,"DRAD"
18,30599.2,30.2,"G4",0.2611,"CM1"
18,30599.2,30.2,"G5",0.2381,"1FH2"
18,30599.2,30.2,"G6",0.3681,"1F5"
18,30599.2,30.2,"G7",0.2739,"1F1"
18,30599.2,30.2,"H1",0.0953,"CONTROL"
18,30599.2,30.2,"H2",0.2414,"DH5A"
18,30599.2,30.2,"H3",0.0973,"DRAD"
18,30599.2,30.2,"H4",0.2826,"CM1"
18,30599.2,30.2,"H5",0.2249,"1FH2"
18,30599.2,30.2,"H6",0.3853,"1F5"
19,32399.2,30.2,"A1",0.0958,"CONTROL"
19,32399.2,30.2,"A2",0.2833,"DH5A"
19,32399.2,30.2,"A3",0.0924,"DRAD"
19,32399.2,30.2,"A4",0.2472,"CM1"
19,32399.2,30.2,"A5",0.2252,"1FH2"
19,32399.2,30.2,"A6",0.4067,"1F5"
19,32399.2,30.2,"A7",0.3047,"1F1"
19,32399.2,30.2,"B1",0.0937,"CONTROL"
19,32399.2,30.2,"B2",0.2841,"DH5A"
19,32399.2,30.2,"B3",0.0965,"DRAD"
19,32399.2,30.2,"B4",0.2359,"CM1"
19,32399.2,30.2,"B5",0.2346,"1FH2"
19,32399.2,30.2,"B6",0.3979,"1F5"
19,32399.2,30.2,"B7",0.3084,"1F1"
19,32399.2,30.2,"C1",0.0914,"CONTROL"
19,32399.2,30.2,"C2",0.2741,"DH5A"
19,32399.2,30.2,"C3",0.0944,"DRAD"
19,32399.2,30.2,"C4",0.2382,"CM1"
19,32399.2,30.2,"C5",0.2374,"1FH2"
19,32399.2,30.2,"C6",0.3989,"1F5"
19,32399.2,30.2,"C7",0.3306,"1F1"
19,32399.2,30.2,"D1",0.0942,"CONTROL"
19,32399.2,30.2,"D2",0.2311,"DH5A"
19,32399.2,30.2,"D3",0.0962,"DRAD"
19,32399.2,30.2,"D4",0.2474,"CM1"
19,32399.2,30.2,"D5",0.2456,"1FH2"
19,32399.2,30.2,"D6",0.3902,"1F5"
19,32399.2,30.2,"D7",0.2987,"1F1"
19,32399.2,30.2,"E1",0.0936,"CONTROL"
19,32399.2,30.2,"E2",0.2385,"DH5A"
19,32399.2,30.2,"E3",0.0915,"DRAD"
19,32399.2,30.2,"E4",0.2494,"CM1"
19,32399.2,30.2,"E5",0.2482,"1FH2"
19,32399.2,30.2,"E6",0.3767,"1F5"
19,32399.2,30.2,"E7",0.2549,"1F1"
19,32399.2,30.2,"F1",0.0924,"CONTROL"
19,32399.2,30.2,"F2",0.2304,"DH5A"
19,32399.2,30.2,"F3",0.1017,"DRAD"
19,32399.2,30.2,"F4",0.2485,"CM1"
19,32399.2,30.2,"F5",0.2455,"1FH2"
19,32399.2,30.2,"F6",0.3725,"1F5"
19,32399.2,30.2,"F7",0.3233,"1F1"
19,32399.2,30.2,"G1",0.0925,"CONTROL"
19,32399.2,30.2,"G2",0.2764,"DH5A"
19,32399.2,30.2,"G3",0.0906,"DRAD"
19,32399.2,30.2,"G4",0.2601,"CM1"
19,32399.2,30.2,"G5",0.2448,"1FH2"
19,32399.2,30.2,"G6",0.3798,"1F5"
19,32399.2,30.2,"G7",0.2767,"1F1"
19,32399.2,30.2,"H1",0.0957,"CONTROL"
19,32399.2,30.2,"H2",0.2664,"DH5A"
19,32399.2,30.2,"H3",0.0974,"DRAD"
19,32399.2,30.2,"H4",0.2799,"CM1"
19,32399.2,30.2,"H5",0.2359,"1FH2"
19,32399.2,30.2,"H6",0.398,"1F5"
20,34199.1,30.2,"A1",0.0956,"CONTROL"
20,34199.1,30.2,"A2",0.3041,"DH5A"
20,34199.1,30.2,"A3",0.093,"DRAD"
20,34199.1,30.2,"A4",0.2482,"CM1"
20,34199.1,30.2,"A5",0.2352,"1FH2"
20,34199.1,30.2,"A6",0.4227,"1F5"
20,34199.1,30.2,"A7",0.309,"1F1"
20,34199.1,30.2,"B1",0.0931,"CONTROL"
20,34199.1,30.2,"B2",0.3067,"DH5A"
20,34199.1,30.2,"B3",0.0972,"DRAD"
20,34199.1,30.2,"B4",0.2404,"CM1"
20,34199.1,30.2,"B5",0.2427,"1FH2"
20,34199.1,30.2,"B6",0.4077,"1F5"
20,34199.1,30.2,"B7",0.32,"1F1"
20,34199.1,30.2,"C1",0.0908,"CONTROL"
20,34199.1,30.2,"C2",0.2954,"DH5A"
20,34199.1,30.2,"C3",0.0952,"DRAD"
20,34199.1,30.2,"C4",0.2452,"CM1"
20,34199.1,30.2,"C5",0.2502,"1FH2"
20,34199.1,30.2,"C6",0.4108,"1F5"
20,34199.1,30.2,"C7",0.3404,"1F1"
20,34199.1,30.2,"D1",0.0939,"CONTROL"
20,34199.1,30.2,"D2",0.2478,"DH5A"
20,34199.1,30.2,"D3",0.0968,"DRAD"
20,34199.1,30.2,"D4",0.2539,"CM1"
20,34199.1,30.2,"D5",0.2517,"1FH2"
20,34199.1,30.2,"D6",0.4009,"1F5"
20,34199.1,30.2,"D7",0.3051,"1F1"
20,34199.1,30.2,"E1",0.0936,"CONTROL"
20,34199.1,30.2,"E2",0.2572,"DH5A"
20,34199.1,30.2,"E3",0.0914,"DRAD"
20,34199.1,30.2,"E4",0.2515,"CM1"
20,34199.1,30.2,"E5",0.2569,"1FH2"
20,34199.1,30.2,"E6",0.3891,"1F5"
20,34199.1,30.2,"E7",0.2571,"1F1"
20,34199.1,30.2,"F1",0.0924,"CONTROL"
20,34199.1,30.2,"F2",0.2454,"DH5A"
20,34199.1,30.2,"F3",0.1062,"DRAD"
20,34199.1,30.2,"F4",0.2539,"CM1"
20,34199.1,30.2,"F5",0.2575,"1FH2"
20,34199.1,30.2,"F6",0.3841,"1F5"
20,34199.1,30.2,"F7",0.3256,"1F1"
20,34199.1,30.2,"G1",0.0918,"CONTROL"
20,34199.1,30.2,"G2",0.2952,"DH5A"
20,34199.1,30.2,"G3",0.0912,"DRAD"
20,34199.1,30.2,"G4",0.2656,"CM1"
20,34199.1,30.2,"G5",0.2479,"1FH2"
20,34199.1,30.2,"G6",0.3899,"1F5"
20,34199.1,30.2,"G7",0.2793,"1F1"
20,34199.1,30.2,"H1",0.0965,"CONTROL"
20,34199.1,30.2,"H2",0.2909,"DH5A"
20,34199.1,30.2,"H3",0.0981,"DRAD"
20,34199.1,30.2,"H4",0.2785,"CM1"
20,34199.1,30.2,"H5",0.2395,"1FH2"
20,34199.1,30.2,"H6",0.4094,"1F5"
21,35999.1,30.2,"A1",0.0958,"CONTROL"
21,35999.1,30.2,"A2",0.3104,"DH5A"
21,35999.1,30.2,"A3",0.0936,"DRAD"
21,35999.1,30.2,"A4",0.2517,"CM1"
21,35999.1,30.2,"A5",0.2496,"1FH2"
21,35999.1,30.2,"A6",0.434,"1F5"
21,35999.1,30.2,"A7",0.3131,"1F1"
21,35999.1,30.2,"B1",0.0938,"CONTROL"
21,35999.1,30.2,"B2",0.3097,"DH5A"
21,35999.1,30.2,"B3",0.0979,"DRAD"
21,35999.1,30.2,"B4",0.2458,"CM1"
21,35999.1,30.2,"B5",0.2591,"1FH2"
21,35999.1,30.2,"B6",0.4171,"1F5"
21,35999.1,30.2,"B7",0.3175,"1F1"
21,35999.1,30.2,"C1",0.0907,"CONTROL"
21,35999.1,30.2,"C2",0.306,"DH5A"
21,35999.1,30.2,"C3",0.096,"DRAD"
21,35999.1,30.2,"C4",0.2496,"CM1"
21,35999.1,30.2,"C5",0.2595,"1FH2"
21,35999.1,30.2,"C6",0.4213,"1F5"
21,35999.1,30.2,"C7",0.3509,"1F1"
21,35999.1,30.2,"D1",0.0945,"CONTROL"
21,35999.1,30.2,"D2",0.2606,"DH5A"
21,35999.1,30.2,"D3",0.097,"DRAD"
21,35999.1,30.2,"D4",0.2564,"CM1"
21,35999.1,30.2,"D5",0.2615,"1FH2"
21,35999.1,30.2,"D6",0.4096,"1F5"
21,35999.1,30.2,"D7",0.3075,"1F1"
21,35999.1,30.2,"E1",0.0933,"CONTROL"
21,35999.1,30.2,"E2",0.2677,"DH5A"
21,35999.1,30.2,"E3",0.0921,"DRAD"
21,35999.1,30.2,"E4",0.2515,"CM1"
21,35999.1,30.2,"E5",0.2758,"1FH2"
21,35999.1,30.2,"E6",0.3996,"1F5"
21,35999.1,30.2,"E7",0.2594,"1F1"
21,35999.1,30.2,"F1",0.0919,"CONTROL"
21,35999.1,30.2,"F2",0.2577,"DH5A"
21,35999.1,30.2,"F3",0.1093,"DRAD"
21,35999.1,30.2,"F4",0.2617,"CM1"
21,35999.1,30.2,"F5",0.2696,"1FH2"
21,35999.1,30.2,"F6",0.3952,"1F5"
21,35999.1,30.2,"F7",0.3275,"1F1"
21,35999.1,30.2,"G1",0.0916,"CONTROL"
21,35999.1,30.2,"G2",0.3165,"DH5A"
21,35999.1,30.2,"G3",0.0917,"DRAD"
21,35999.1,30.2,"G4",0.2716,"CM1"
21,35999.1,30.2,"G5",0.2737,"1FH2"
21,35999.1,30.2,"G6",0.3994,"1F5"
21,35999.1,30.2,"G7",0.2812,"1F1"
21,35999.1,30.2,"H1",0.0968,"CONTROL"
21,35999.1,30.2,"H2",0.3139,"DH5A"
21,35999.1,30.2,"H3",0.0982,"DRAD"
21,35999.1,30.2,"H4",0.2684,"CM1"
21,35999.1,30.2,"H5",0.2558,"1FH2"
21,35999.1,30.2,"H6",0.4236,"1F5"
22,37799.1,29.9,"A1",0.0951,"CONTROL"
22,37799.1,29.9,"A2",0.3245,"DH5A"
22,37799.1,29.9,"A3",0.0942,"DRAD"
22,37799.1,29.9,"A4",0.2514,"CM1"
22,37799.1,29.9,"A5",0.273,"1FH2"
22,37799.1,29.9,"A6",0.4456,"1F5"
22,37799.1,29.9,"A7",0.3173,"1F1"
22,37799.1,29.9,"B1",0.0936,"CONTROL"
22,37799.1,29.9,"B2",0.3223,"DH5A"
22,37799.1,29.9,"B3",0.0989,"DRAD"
22,37799.1,29.9,"B4",0.2506,"CM1"
22,37799.1,29.9,"B5",0.2658,"1FH2"
22,37799.1,29.9,"B6",0.4251,"1F5"
22,37799.1,29.9,"B7",0.3062,"1F1"
22,37799.1,29.9,"C1",0.0907,"CONTROL"
22,37799.1,29.9,"C2",0.3171,"DH5A"
22,37799.1,29.9,"C3",0.0967,"DRAD"
22,37799.1,29.9,"C4",0.2544,"CM1"
22,37799.1,29.9,"C5",0.2872,"1FH2"
22,37799.1,29.9,"C6",0.4327,"1F5"
22,37799.1,29.9,"C7",0.3543,"1F1"
22,37799.1,29.9,"D1",0.0944,"CONTROL"
22,37799.1,29.9,"D2",0.2784,"DH5A"
22,37799.1,29.9,"D3",0.0977,"DRAD"
22,37799.1,29.9,"D4",0.2583,"CM1"
22,37799.1,29.9,"D5",0.2772,"1FH2"
22,37799.1,29.9,"D6",0.4187,"1F5"
22,37799.1,29.9,"D7",0.3118,"1F1"
22,37799.1,29.9,"E1",0.0931,"CONTROL"
22,37799.1,29.9,"E2",0.2902,"DH5A"
22,37799.1,29.9,"E3",0.0928,"DRAD"
22,37799.1,29.9,"E4",0.2513,"CM1"
22,37799.1,29.9,"E5",0.292,"1FH2"
22,37799.1,29.9,"E6",0.4086,"1F5"
22,37799.1,29.9,"E7",0.2622,"1F1"
22,37799.1,29.9,"F1",0.0918,"CONTROL"
22,37799.1,29.9,"F2",0.276,"DH5A"
22,37799.1,29.9,"F3",0.1137,"DRAD"
22,37799.1,29.9,"F4",0.264,"CM1"
22,37799.1,29.9,"F5",0.2784,"1FH2"
22,37799.1,29.9,"F6",0.4034,"1F5"
22,37799.1,29.9,"F7",0.33,"1F1"
22,37799.1,29.9,"G1",0.0914,"CONTROL"
22,37799.1,29.9,"G2",0.3275,"DH5A"
22,37799.1,29.9,"G3",0.0923,"DRAD"
22,37799.1,29.9,"G4",0.2722,"CM1"
22,37799.1,29.9,"G5",0.2992,"1FH2"
22,37799.1,29.9,"G6",0.4065,"1F5"
22,37799.1,29.9,"G7",0.2833,"1F1"
22,37799.1,29.9,"H1",0.0948,"CONTROL"
22,37799.1,29.9,"H2",0.3353,"DH5A"
22,37799.1,29.9,"H3",0.0989,"DRAD"
22,37799.1,29.9,"H4",0.2912,"CM1"
22,37799.1,29.9,"H5",0.2636,"1FH2"
22,37799.1,29.9,"H6",0.4334,"1F5"
23,39599,30.1,"A1",0.0958,"CONTROL"
23,39599,30.1,"A2",0.3325,"DH5A"
23,39599,30.1,"A3",0.0953,"DRAD"
23,39599,30.1,"A4",0.2509,"CM1"
23,39599,30.1,"A5",0.295,"1FH2"
23,39599,30.1,"A6",0.4584,"1F5"
23,39599,30.1,"A7",0.3199,"1F1"
23,39599,30.1,"B1",0.093,"CONTROL"
23,39599,30.1,"B2",0.3339,"DH5A"
23,39599,30.1,"B3",0.1,"DRAD"
23,39599,30.1,"B4",0.2545,"CM1"
23,39599,30.1,"B5",0.2797,"1FH2"
23,39599,30.1,"B6",0.4325,"1F5"
23,39599,30.1,"B7",0.3092,"1F1"
23,39599,30.1,"C1",0.0907,"CONTROL"
23,39599,30.1,"C2",0.3361,"DH5A"
23,39599,30.1,"C3",0.0978,"DRAD"
23,39599,30.1,"C4",0.2566,"CM1"
23,39599,30.1,"C5",0.3025,"1FH2"
23,39599,30.1,"C6",0.4417,"1F5"
23,39599,30.1,"C7",0.3597,"1F1"
23,39599,30.1,"D1",0.0948,"CONTROL"
23,39599,30.1,"D2",0.2933,"DH5A"
23,39599,30.1,"D3",0.0986,"DRAD"
23,39599,30.1,"D4",0.2587,"CM1"
23,39599,30.1,"D5",0.2956,"1FH2"
23,39599,30.1,"D6",0.4264,"1F5"
23,39599,30.1,"D7",0.3136,"1F1"
23,39599,30.1,"E1",0.0934,"CONTROL"
23,39599,30.1,"E2",0.3069,"DH5A"
23,39599,30.1,"E3",0.0936,"DRAD"
23,39599,30.1,"E4",0.2515,"CM1"
23,39599,30.1,"E5",0.2959,"1FH2"
23,39599,30.1,"E6",0.4156,"1F5"
23,39599,30.1,"E7",0.2636,"1F1"
23,39599,30.1,"F1",0.092,"CONTROL"
23,39599,30.1,"F2",0.2872,"DH5A"
23,39599,30.1,"F3",0.1186,"DRAD"
23,39599,30.1,"F4",0.2627,"CM1"
23,39599,30.1,"F5",0.301,"1FH2"
23,39599,30.1,"F6",0.409,"1F5"
23,39599,30.1,"F7",0.331,"1F1"
23,39599,30.1,"G1",0.0918,"CONTROL"
23,39599,30.1,"G2",0.3327,"DH5A"
23,39599,30.1,"G3",0.0936,"DRAD"
23,39599,30.1,"G4",0.2649,"CM1"
23,39599,30.1,"G5",0.335,"1FH2"
23,39599,30.1,"G6",0.4129,"1F5"
23,39599,30.1,"G7",0.2853,"1F1"
23,39599,30.1,"H1",0.0941,"CONTROL"
23,39599,30.1,"H2",0.3474,"DH5A"
23,39599,30.1,"H3",0.0996,"DRAD"
23,39599,30.1,"H4",0.3157,"CM1"
23,39599,30.1,"H5",0.2768,"1FH2"
23,39599,30.1,"H6",0.444,"1F5"
24,41399,30.1,"A1",0.0958,"CONTROL"
24,41399,30.1,"A2",0.3309,"DH5A"
24,41399,30.1,"A3",0.0961,"DRAD"
24,41399,30.1,"A4",0.2512,"CM1"
24,41399,30.1,"A5",0.3041,"1FH2"
24,41399,30.1,"A6",0.4689,"1F5"
24,41399,30.1,"A7",0.3249,"1F1"
24,41399,30.1,"B1",0.0937,"CONTROL"
24,41399,30.1,"B2",0.3366,"DH5A"
24,41399,30.1,"B3",0.1013,"DRAD"
24,41399,30.1,"B4",0.2573,"CM1"
24,41399,30.1,"B5",0.2893,"1FH2"
24,41399,30.1,"B6",0.4386,"1F5"
24,41399,30.1,"B7",0.308,"1F1"
24,41399,30.1,"C1",0.0908,"CONTROL"
24,41399,30.1,"C2",0.3384,"DH5A"
24,41399,30.1,"C3",0.0989,"DRAD"
24,41399,30.1,"C4",0.2578,"CM1"
24,41399,30.1,"C5",0.31,"1FH2"
24,41399,30.1,"C6",0.4488,"1F5"
24,41399,30.1,"C7",0.3591,"1F1"
24,41399,30.1,"D1",0.0946,"CONTROL"
24,41399,30.1,"D2",0.3088,"DH5A"
24,41399,30.1,"D3",0.0996,"DRAD"
24,41399,30.1,"D4",0.2588,"CM1"
24,41399,30.1,"D5",0.3109,"1FH2"
24,41399,30.1,"D6",0.4334,"1F5"
24,41399,30.1,"D7",0.3126,"1F1"
24,41399,30.1,"E1",0.0936,"CONTROL"
24,41399,30.1,"E2",0.3143,"DH5A"
24,41399,30.1,"E3",0.0948,"DRAD"
24,41399,30.1,"E4",0.2553,"CM1"
24,41399,30.1,"E5",0.3127,"1FH2"
24,41399,30.1,"E6",0.4226,"1F5"
24,41399,30.1,"E7",0.2672,"1F1"
24,41399,30.1,"F1",0.0922,"CONTROL"
24,41399,30.1,"F2",0.2989,"DH5A"
24,41399,30.1,"F3",0.1241,"DRAD"
24,41399,30.1,"F4",0.2662,"CM1"
24,41399,30.1,"F5",0.3143,"1FH2"
24,41399,30.1,"F6",0.4158,"1F5"
24,41399,30.1,"F7",0.3348,"1F1"
24,41399,30.1,"G1",0.0921,"CONTROL"
24,41399,30.1,"G2",0.3462,"DH5A"
24,41399,30.1,"G3",0.0952,"DRAD"
24,41399,30.1,"G4",0.262,"CM1"
24,41399,30.1,"G5",0.339,"1FH2"
24,41399,30.1,"G6",0.4214,"1F5"
24,41399,30.1,"G7",0.286,"1F1"
24,41399,30.1,"H1",0.0942,"CONTROL"
24,41399,30.1,"H2",0.3682,"DH5A"
24,41399,30.1,"H3",0.1007,"DRAD"
24,41399,30.1,"H4",0.3056,"CM1"
24,41399,30.1,"H5",0.2847,"1FH2"
24,41399,30.1,"H6",0.4534,"1F5"
25,43198.9,30.1,"A1",0.0961,"CONTROL"
25,43198.9,30.1,"A2",0.3446,"DH5A"
25,43198.9,30.1,"A3",0.0974,"DRAD"
25,43198.9,30.1,"A4",0.2525,"CM1"
25,43198.9,30.1,"A5",0.2938,"1FH2"
25,43198.9,30.1,"A6",0.4763,"1F5"
25,43198.9,30.1,"A7",0.3295,"1F1"
25,43198.9,30.1,"B1",0.0931,"CONTROL"
25,43198.9,30.1,"B2",0.3419,"DH5A"
25,43198.9,30.1,"B3",0.1024,"DRAD"
25,43198.9,30.1,"B4",0.2611,"CM1"
25,43198.9,30.1,"B5",0.2982,"1FH2"
25,43198.9,30.1,"B6",0.4434,"1F5"
25,43198.9,30.1,"B7",0.3134,"1F1"
25,43198.9,30.1,"C1",0.0912,"CONTROL"
25,43198.9,30.1,"C2",0.3485,"DH5A"
25,43198.9,30.1,"C3",0.1001,"DRAD"
25,43198.9,30.1,"C4",0.2582,"CM1"
25,43198.9,30.1,"C5",0.3211,"1FH2"
25,43198.9,30.1,"C6",0.4542,"1F5"
25,43198.9,30.1,"C7",0.3605,"1F1"
25,43198.9,30.1,"D1",0.0947,"CONTROL"
25,43198.9,30.1,"D2",0.3206,"DH5A"
25,43198.9,30.1,"D3",0.1004,"DRAD"
25,43198.9,30.1,"D4",0.2578,"CM1"
25,43198.9,30.1,"D5",0.3141,"1FH2"
25,43198.9,30.1,"D6",0.4364,"1F5"
25,43198.9,30.1,"D7",0.3143,"1F1"
25,43198.9,30.1,"E1",0.0935,"CONTROL"
25,43198.9,30.1,"E2",0.325,"DH5A"
25,43198.9,30.1,"E3",0.0956,"DRAD"
25,43198.9,30.1,"E4",0.2578,"CM1"
25,43198.9,30.1,"E5",0.3189,"1FH2"
25,43198.9,30.1,"E6",0.4259,"1F5"
25,43198.9,30.1,"E7",0.2703,"1F1"
25,43198.9,30.1,"F1",0.0916,"CONTROL"
25,43198.9,30.1,"F2",0.3082,"DH5A"
25,43198.9,30.1,"F3",0.1311,"DRAD"
25,43198.9,30.1,"F4",0.2692,"CM1"
25,43198.9,30.1,"F5",0.309,"1FH2"
25,43198.9,30.1,"F6",0.4169,"1F5"
25,43198.9,30.1,"F7",0.3368,"1F1"
25,43198.9,30.1,"G1",0.0918,"CONTROL"
25,43198.9,30.1,"G2",0.3513,"DH5A"
25,43198.9,30.1,"G3",0.0959,"DRAD"
25,43198.9,30.1,"G4",0.2702,"CM1"
25,43198.9,30.1,"G5",0.3425,"1FH2"
25,43198.9,30.1,"G6",0.4254,"1F5"
25,43198.9,30.1,"G7",0.2892,"1F1"
25,43198.9,30.1,"H1",0.0963,"CONTROL"
25,43198.9,30.1,"H2",0.374,"DH5A"
25,43198.9,30.1,"H3",0.1015,"DRAD"
25,43198.9,30.1,"H4",0.3019,"CM1"
25,43198.9,30.1,"H5",0.293,"1FH2"
25,43198.9,30.1,"H6",0.4657,"1F5"
26,44998.9,30.2,"A1",0.0953,"CONTROL"
26,44998.9,30.2,"A2",0.3522,"DH5A"
26,44998.9,30.2,"A3",0.0985,"DRAD"
26,44998.9,30.2,"A4",0.2601,"CM1"
26,44998.9,30.2,"A5",0.287,"1FH2"
26,44998.9,30.2,"A6",0.4853,"1F5"
26,44998.9,30.2,"A7",0.3358,"1F1"
26,44998.9,30.2,"B1",0.0936,"CONTROL"
26,44998.9,30.2,"B2",0.3458,"DH5A"
26,44998.9,30.2,"B3",0.1037,"DRAD"
26,44998.9,30.2,"B4",0.2644,"CM1"
26,44998.9,30.2,"B5",0.31,"1FH2"
26,44998.9,30.2,"B6",0.4466,"1F5"
26,44998.9,30.2,"B7",0.3173,"1F1"
26,44998.9,30.2,"C1",0.0907,"CONTROL"
26,44998.9,30.2,"C2",0.355,"DH5A"
26,44998.9,30.2,"C3",0.1011,"DRAD"
26,44998.9,30.2,"C4",0.2584,"CM1"
26,44998.9,30.2,"C5",0.3227,"1FH2"
26,44998.9,30.2,"C6",0.4596,"1F5"
26,44998.9,30.2,"C7",0.3573,"1F1"
26,44998.9,30.2,"D1",0.0942,"CONTROL"
26,44998.9,30.2,"D2",0.33,"DH5A"
26,44998.9,30.2,"D3",0.1012,"DRAD"
26,44998.9,30.2,"D4",0.2586,"CM1"
26,44998.9,30.2,"D5",0.3078,"1FH2"
26,44998.9,30.2,"D6",0.4411,"1F5"
26,44998.9,30.2,"D7",0.3104,"1F1"
26,44998.9,30.2,"E1",0.0935,"CONTROL"
26,44998.9,30.2,"E2",0.3368,"DH5A"
26,44998.9,30.2,"E3",0.0963,"DRAD"
26,44998.9,30.2,"E4",0.2606,"CM1"
26,44998.9,30.2,"E5",0.3293,"1FH2"
26,44998.9,30.2,"E6",0.4295,"1F5"
26,44998.9,30.2,"E7",0.2743,"1F1"
26,44998.9,30.2,"F1",0.0917,"CONTROL"
26,44998.9,30.2,"F2",0.3197,"DH5A"
26,44998.9,30.2,"F3",0.1401,"DRAD"
26,44998.9,30.2,"F4",0.2701,"CM1"
26,44998.9,30.2,"F5",0.3137,"1FH2"
26,44998.9,30.2,"F6",0.4218,"1F5"
26,44998.9,30.2,"F7",0.3384,"1F1"
26,44998.9,30.2,"G1",0.092,"CONTROL"
26,44998.9,30.2,"G2",0.3565,"DH5A"
26,44998.9,30.2,"G3",0.0972,"DRAD"
26,44998.9,30.2,"G4",0.2818,"CM1"
26,44998.9,30.2,"G5",0.3418,"1FH2"
26,44998.9,30.2,"G6",0.4307,"1F5"
26,44998.9,30.2,"G7",0.2907,"1F1"
26,44998.9,30.2,"H1",0.0954,"CONTROL"
26,44998.9,30.2,"H2",0.3821,"DH5A"
26,44998.9,30.2,"H3",0.1027,"DRAD"
26,44998.9,30.2,"H4",0.2903,"CM1"
26,44998.9,30.2,"H5",0.338,"1FH2"
26,44998.9,30.2,"H6",0.4752,"1F5"
27,46798.9,30.2,"A1",0.0958,"CONTROL"
27,46798.9,30.2,"A2",0.3638,"DH5A"
27,46798.9,30.2,"A3",0.0995,"DRAD"
27,46798.9,30.2,"A4",0.2681,"CM1"
27,46798.9,30.2,"A5",0.2917,"1FH2"
27,46798.9,30.2,"A6",0.4918,"1F5"
27,46798.9,30.2,"A7",0.3425,"1F1"
27,46798.9,30.2,"B1",0.0931,"CONTROL"
27,46798.9,30.2,"B2",0.3579,"DH5A"
27,46798.9,30.2,"B3",0.1048,"DRAD"
27,46798.9,30.2,"B4",0.2666,"CM1"
27,46798.9,30.2,"B5",0.3131,"1FH2"
27,46798.9,30.2,"B6",0.4485,"1F5"
27,46798.9,30.2,"B7",0.3182,"1F1"
27,46798.9,30.2,"C1",0.0905,"CONTROL"
27,46798.9,30.2,"C2",0.3631,"DH5A"
27,46798.9,30.2,"C3",0.1024,"DRAD"
27,46798.9,30.2,"C4",0.2602,"CM1"
27,46798.9,30.2,"C5",0.3252,"1FH2"
27,46798.9,30.2,"C6",0.4631,"1F5"
27,46798.9,30.2,"C7",0.3567,"1F1"
27,46798.9,30.2,"D1",0.0948,"CONTROL"
27,46798.9,30.2,"D2",0.3427,"DH5A"
27,46798.9,30.2,"D3",0.1025,"DRAD"
27,46798.9,30.2,"D4",0.261,"CM1"
27,46798.9,30.2,"D5",0.3124,"1FH2"
27,46798.9,30.2,"D6",0.4414,"1F5"
27,46798.9,30.2,"D7",0.3118,"1F1"
27,46798.9,30.2,"E1",0.0937,"CONTROL"
27,46798.9,30.2,"E2",0.3468,"DH5A"
27,46798.9,30.2,"E3",0.0974,"DRAD"
27,46798.9,30.2,"E4",0.2646,"CM1"
27,46798.9,30.2,"E5",0.3317,"1FH2"
27,46798.9,30.2,"E6",0.4321,"1F5"
27,46798.9,30.2,"E7",0.2798,"1F1"
27,46798.9,30.2,"F1",0.0915,"CONTROL"
27,46798.9,30.2,"F2",0.3314,"DH5A"
27,46798.9,30.2,"F3",0.1495,"DRAD"
27,46798.9,30.2,"F4",0.267,"CM1"
27,46798.9,30.2,"F5",0.3212,"1FH2"
27,46798.9,30.2,"F6",0.4228,"1F5"
27,46798.9,30.2,"F7",0.3474,"1F1"
27,46798.9,30.2,"G1",0.0918,"CONTROL"
27,46798.9,30.2,"G2",0.3676,"DH5A"
27,46798.9,30.2,"G3",0.0985,"DRAD"
27,46798.9,30.2,"G4",0.2876,"CM1"
27,46798.9,30.2,"G5",0.3496,"1FH2"
27,46798.9,30.2,"G6",0.4336,"1F5"
27,46798.9,30.2,"G7",0.2921,"1F1"
27,46798.9,30.2,"H1",0.0944,"CONTROL"
27,46798.9,30.2,"H2",0.3874,"DH5A"
27,46798.9,30.2,"H3",0.1038,"DRAD"
27,46798.9,30.2,"H4",0.2868,"CM1"
27,46798.9,30.2,"H5",0.3548,"1FH2"
27,46798.9,30.2,"H6",0.4858,"1F5"
28,48598.8,30.1,"A1",0.0961,"CONTROL"
28,48598.8,30.1,"A2",0.3732,"DH5A"
28,48598.8,30.1,"A3",0.1005,"DRAD"
28,48598.8,30.1,"A4",0.2797,"CM1"
28,48598.8,30.1,"A5",0.2866,"1FH2"
28,48598.8,30.1,"A6",0.4991,"1F5"
28,48598.8,30.1,"A7",0.3472,"1F1"
28,48598.8,30.1,"B1",0.0937,"CONTROL"
28,48598.8,30.1,"B2",0.3639,"DH5A"
28,48598.8,30.1,"B3",0.1064,"DRAD"
28,48598.8,30.1,"B4",0.2685,"CM1"
28,48598.8,30.1,"B5",0.3141,"1FH2"
28,48598.8,30.1,"B6",0.4508,"1F5"
28,48598.8,30.1,"B7",0.3194,"1F1"
28,48598.8,30.1,"C1",0.0904,"CONTROL"
28,48598.8,30.1,"C2",0.3693,"DH5A"
28,48598.8,30.1,"C3",0.1034,"DRAD"
28,48598.8,30.1,"C4",0.2626,"CM1"
28,48598.8,30.1,"C5",0.3217,"1FH2"
28,48598.8,30.1,"C6",0.465,"1F5"
28,48598.8,30.1,"C7",0.358,"1F1"
28,48598.8,30.1,"D1",0.0944,"CONTROL"
28,48598.8,30.1,"D2",0.354,"DH5A"
28,48598.8,30.1,"D3",0.1033,"DRAD"
28,48598.8,30.1,"D4",0.2631,"CM1"
28,48598.8,30.1,"D5",0.3092,"1FH2"
28,48598.8,30.1,"D6",0.4453,"1F5"
28,48598.8,30.1,"D7",0.3113,"1F1"
28,48598.8,30.1,"E1",0.0935,"CONTROL"
28,48598.8,30.1,"E2",0.3598,"DH5A"
28,48598.8,30.1,"E3",0.0987,"DRAD"
28,48598.8,30.1,"E4",0.2718,"CM1"
28,48598.8,30.1,"E5",0.3353,"1FH2"
28,48598.8,30.1,"E6",0.4336,"1F5"
28,48598.8,30.1,"E7",0.286,"1F1"
28,48598.8,30.1,"F1",0.0922,"CONTROL"
28,48598.8,30.1,"F2",0.345,"DH5A"
28,48598.8,30.1,"F3",0.1597,"DRAD"
28,48598.8,30.1,"F4",0.2689,"CM1"
28,48598.8,30.1,"F5",0.3406,"1FH2"
28,48598.8,30.1,"F6",0.4238,"1F5"
28,48598.8,30.1,"F7",0.3521,"1F1"
28,48598.8,30.1,"G1",0.0914,"CONTROL"
28,48598.8,30.1,"G2",0.3791,"DH5A"
28,48598.8,30.1,"G3",0.0996,"DRAD"
28,48598.8,30.1,"G4",0.2881,"CM1"
28,48598.8,30.1,"G5",0.3437,"1FH2"
28,48598.8,30.1,"G6",0.4354,"1F5"
28,48598.8,30.1,"G7",0.2935,"1F1"
28,48598.8,30.1,"H1",0.0947,"CONTROL"
28,48598.8,30.1,"H2",0.3949,"DH5A"
28,48598.8,30.1,"H3",0.1047,"DRAD"
28,48598.8,30.1,"H4",0.2865,"CM1"
28,48598.8,30.1,"H5",0.3373,"1FH2"
28,48598.8,30.1,"H6",0.4923,"1F5"
29,50398.8,30.2,"A1",0.0956,"CONTROL"
29,50398.8,30.2,"A2",0.3806,"DH5A"
29,50398.8,30.2,"A3",0.1015,"DRAD"
29,50398.8,30.2,"A4",0.2885,"CM1"
29,50398.8,30.2,"A5",0.2889,"1FH2"
29,50398.8,30.2,"A6",0.5016,"1F5"
29,50398.8,30.2,"A7",0.3517,"1F1"
29,50398.8,30.2,"B1",0.0938,"CONTROL"
29,50398.8,30.2,"B2",0.37,"DH5A"
29,50398.8,30.2,"B3",0.1074,"DRAD"
29,50398.8,30.2,"B4",0.2686,"CM1"
29,50398.8,30.2,"B5",0.3204,"1FH2"
29,50398.8,30.2,"B6",0.4511,"1F5"
29,50398.8,30.2,"B7",0.3238,"1F1"
29,50398.8,30.2,"C1",0.0911,"CONTROL"
29,50398.8,30.2,"C2",0.3754,"DH5A"
29,50398.8,30.2,"C3",0.1045,"DRAD"
29,50398.8,30.2,"C4",0.2659,"CM1"
29,50398.8,30.2,"C5",0.3132,"1FH2"
29,50398.8,30.2,"C6",0.465,"1F5"
29,50398.8,30.2,"C7",0.3575,"1F1"
29,50398.8,30.2,"D1",0.0944,"CONTROL"
29,50398.8,30.2,"D2",0.3631,"DH5A"
29,50398.8,30.2,"D3",0.1043,"DRAD"
29,50398.8,30.2,"D4",0.2667,"CM1"
29,50398.8,30.2,"D5",0.3129,"1FH2"
29,50398.8,30.2,"D6",0.443,"1F5"
29,50398.8,30.2,"D7",0.31,"1F1"
29,50398.8,30.2,"E1",0.0935,"CONTROL"
29,50398.8,30.2,"E2",0.3697,"DH5A"
29,50398.8,30.2,"E3",0.0996,"DRAD"
29,50398.8,30.2,"E4",0.278,"CM1"
29,50398.8,30.2,"E5",0.3371,"1FH2"
29,50398.8,30.2,"E6",0.4345,"1F5"
29,50398.8,30.2,"E7",0.2933,"1F1"
29,50398.8,30.2,"F1",0.0922,"CONTROL"
29,50398.8,30.2,"F2",0.355,"DH5A"
29,50398.8,30.2,"F3",0.172,"DRAD"
29,50398.8,30.2,"F4",0.2686,"CM1"
29,50398.8,30.2,"F5",0.3264,"1FH2"
29,50398.8,30.2,"F6",0.4236,"1F5"
29,50398.8,30.2,"F7",0.3588,"1F1"
29,50398.8,30.2,"G1",0.0918,"CONTROL"
29,50398.8,30.2,"G2",0.3888,"DH5A"
29,50398.8,30.2,"G3",0.1009,"DRAD"
29,50398.8,30.2,"G4",0.2913,"CM1"
29,50398.8,30.2,"G5",0.3356,"1FH2"
29,50398.8,30.2,"G6",0.4384,"1F5"
29,50398.8,30.2,"G7",0.2945,"1F1"
29,50398.8,30.2,"H1",0.0944,"CONTROL"
29,50398.8,30.2,"H2",0.405,"DH5A"
29,50398.8,30.2,"H3",0.1057,"DRAD"
29,50398.8,30.2,"H4",0.2817,"CM1"
29,50398.8,30.2,"H5",0.3317,"1FH2"
29,50398.8,30.2,"H6",0.4991,"1F5"
30,52198.7,30.3,"A1",0.0955,"CONTROL"
30,52198.7,30.3,"A2",0.391,"DH5A"
30,52198.7,30.3,"A3",0.1027,"DRAD"
30,52198.7,30.3,"A4",0.286,"CM1"
30,52198.7,30.3,"A5",0.2889,"1FH2"
30,52198.7,30.3,"A6",0.5036,"1F5"
30,52198.7,30.3,"A7",0.3468,"1F1"
30,52198.7,30.3,"B1",0.0937,"CONTROL"
30,52198.7,30.3,"B2",0.3794,"DH5A"
30,52198.7,30.3,"B3",0.1081,"DRAD"
30,52198.7,30.3,"B4",0.2693,"CM1"
30,52198.7,30.3,"B5",0.3244,"1FH2"
30,52198.7,30.3,"B6",0.4517,"1F5"
30,52198.7,30.3,"B7",0.3242,"1F1"
30,52198.7,30.3,"C1",0.0907,"CONTROL"
30,52198.7,30.3,"C2",0.3821,"DH5A"
30,52198.7,30.3,"C3",0.1057,"DRAD"
30,52198.7,30.3,"C4",0.2698,"CM1"
30,52198.7,30.3,"C5",0.3141,"1FH2"
30,52198.7,30.3,"C6",0.4643,"1F5"
30,52198.7,30.3,"C7",0.3525,"1F1"
30,52198.7,30.3,"D1",0.0942,"CONTROL"
30,52198.7,30.3,"D2",0.3716,"DH5A"
30,52198.7,30.3,"D3",0.1055,"DRAD"
30,52198.7,30.3,"D4",0.2693,"CM1"
30,52198.7,30.3,"D5",0.3163,"1FH2"
30,52198.7,30.3,"D6",0.4458,"1F5"
30,52198.7,30.3,"D7",0.3106,"1F1"
30,52198.7,30.3,"E1",0.0936,"CONTROL"
30,52198.7,30.3,"E2",0.3797,"DH5A"
30,52198.7,30.3,"E3",0.1014,"DRAD"
30,52198.7,30.3,"E4",0.2864,"CM1"
30,52198.7,30.3,"E5",0.3423,"1FH2"
30,52198.7,30.3,"E6",0.4345,"1F5"
30,52198.7,30.3,"E7",0.302,"1F1"
30,52198.7,30.3,"F1",0.092,"CONTROL"
30,52198.7,30.3,"F2",0.3663,"DH5A"
30,52198.7,30.3,"F3",0.1831,"DRAD"
30,52198.7,30.3,"F4",0.2695,"CM1"
30,52198.7,30.3,"F5",0.3153,"1FH2"
30,52198.7,30.3,"F6",0.4231,"1F5"
30,52198.7,30.3,"F7",0.3671,"1F1"
30,52198.7,30.3,"G1",0.092,"CONTROL"
30,52198.7,30.3,"G2",0.3969,"DH5A"
30,52198.7,30.3,"G3",0.1021,"DRAD"
30,52198.7,30.3,"G4",0.2959,"CM1"
30,52198.7,30.3,"G5",0.33,"1FH2"
30,52198.7,30.3,"G6",0.4385,"1F5"
30,52198.7,30.3,"G7",0.2956,"1F1"
30,52198.7,30.3,"H1",0.0955,"CONTROL"
30,52198.7,30.3,"H2",0.4181,"DH5A"
30,52198.7,30.3,"H3",0.1069,"DRAD"
30,52198.7,30.3,"H4",0.2781,"CM1"
30,52198.7,30.3,"H5",0.3248,"1FH2"
30,52198.7,30.3,"H6",0.5047,"1F5"
31,53998.7,30.2,"A1",0.0954,"CONTROL"
31,53998.7,30.2,"A2",0.4051,"DH5A"
31,53998.7,30.2,"A3",0.1042,"DRAD"
31,53998.7,30.2,"A4",0.2771,"CM1"
31,53998.7,30.2,"A5",0.2901,"1FH2"
31,53998.7,30.2,"A6",0.5068,"1F5"
31,53998.7,30.2,"A7",0.3522,"1F1"
31,53998.7,30.2,"B1",0.0932,"CONTROL"
31,53998.7,30.2,"B2",0.3886,"DH5A"
31,53998.7,30.2,"B3",0.109,"DRAD"
31,53998.7,30.2,"B4",0.2713,"CM1"
31,53998.7,30.2,"B5",0.3187,"1FH2"
31,53998.7,30.2,"B6",0.4518,"1F5"
31,53998.7,30.2,"B7",0.3207,"1F1"
31,53998.7,30.2,"C1",0.0908,"CONTROL"
31,53998.7,30.2,"C2",0.3942,"DH5A"
31,53998.7,30.2,"C3",0.1069,"DRAD"
31,53998.7,30.2,"C4",0.2736,"CM1"
31,53998.7,30.2,"C5",0.3087,"1FH2"
31,53998.7,30.2,"C6",0.4636,"1F5"
31,53998.7,30.2,"C7",0.3515,"1F1"
31,53998.7,30.2,"D1",0.0951,"CONTROL"
31,53998.7,30.2,"D2",0.3808,"DH5A"
31,53998.7,30.2,"D3",0.1063,"DRAD"
31,53998.7,30.2,"D4",0.2708,"CM1"
31,53998.7,30.2,"D5",0.3114,"1FH2"
31,53998.7,30.2,"D6",0.4431,"1F5"
31,53998.7,30.2,"D7",0.3097,"1F1"
31,53998.7,30.2,"E1",0.094,"CONTROL"
31,53998.7,30.2,"E2",0.3881,"DH5A"
31,53998.7,30.2,"E3",0.1029,"DRAD"
31,53998.7,30.2,"E4",0.2977,"CM1"
31,53998.7,30.2,"E5",0.3397,"1FH2"
31,53998.7,30.2,"E6",0.4344,"1F5"
31,53998.7,30.2,"E7",0.3107,"1F1"
31,53998.7,30.2,"F1",0.0923,"CONTROL"
31,53998.7,30.2,"F2",0.374,"DH5A"
31,53998.7,30.2,"F3",0.1953,"DRAD"
31,53998.7,30.2,"F4",0.272,"CM1"
31,53998.7,30.2,"F5",0.3205,"1FH2"
31,53998.7,30.2,"F6",0.4223,"1F5"
31,53998.7,30.2,"F7",0.3736,"1F1"
31,53998.7,30.2,"G1",0.0917,"CONTROL"
31,53998.7,30.2,"G2",0.4053,"DH5A"
31,53998.7,30.2,"G3",0.1035,"DRAD"
31,53998.7,30.2,"G4",0.3011,"CM1"
31,53998.7,30.2,"G5",0.3365,"1FH2"
31,53998.7,30.2,"G6",0.4393,"1F5"
31,53998.7,30.2,"G7",0.2971,"1F1"
31,53998.7,30.2,"H1",0.0965,"CONTROL"
31,53998.7,30.2,"H2",0.4322,"DH5A"
31,53998.7,30.2,"H3",0.108,"DRAD"
31,53998.7,30.2,"H4",0.2748,"CM1"
31,53998.7,30.2,"H5",0.3239,"1FH2"
31,53998.7,30.2,"H6",0.5106,"1F5"
32,55798.6,30,"A1",0.0961,"CONTROL"
32,55798.6,30,"A2",0.413,"DH5A"
32,55798.6,30,"A3",0.1052,"DRAD"
32,55798.6,30,"A4",0.2637,"CM1"
32,55798.6,30,"A5",0.2949,"1FH2"
32,55798.6,30,"A6",0.5073,"1F5"
32,55798.6,30,"A7",0.3642,"1F1"
32,55798.6,30,"B1",0.0937,"CONTROL"
32,55798.6,30,"B2",0.3968,"DH5A"
32,55798.6,30,"B3",0.11,"DRAD"
32,55798.6,30,"B4",0.2724,"CM1"
32,55798.6,30,"B5",0.3212,"1FH2"
32,55798.6,30,"B6",0.4513,"1F5"
32,55798.6,30,"B7",0.3148,"1F1"
32,55798.6,30,"C1",0.0912,"CONTROL"
32,55798.6,30,"C2",0.4019,"DH5A"
32,55798.6,30,"C3",0.1082,"DRAD"
32,55798.6,30,"C4",0.2764,"CM1"
32,55798.6,30,"C5",0.3003,"1FH2"
32,55798.6,30,"C6",0.4602,"1F5"
32,55798.6,30,"C7",0.3495,"1F1"
32,55798.6,30,"D1",0.0943,"CONTROL"
32,55798.6,30,"D2",0.3895,"DH5A"
32,55798.6,30,"D3",0.1075,"DRAD"
32,55798.6,30,"D4",0.2732,"CM1"
32,55798.6,30,"D5",0.3104,"1FH2"
32,55798.6,30,"D6",0.4425,"1F5"
32,55798.6,30,"D7",0.3086,"1F1"
32,55798.6,30,"E1",0.0938,"CONTROL"
32,55798.6,30,"E2",0.3972,"DH5A"
32,55798.6,30,"E3",0.1045,"DRAD"
32,55798.6,30,"E4",0.3079,"CM1"
32,55798.6,30,"E5",0.3445,"1FH2"
32,55798.6,30,"E6",0.4336,"1F5"
32,55798.6,30,"E7",0.3209,"1F1"
32,55798.6,30,"F1",0.0917,"CONTROL"
32,55798.6,30,"F2",0.3839,"DH5A"
32,55798.6,30,"F3",0.2068,"DRAD"
32,55798.6,30,"F4",0.2725,"CM1"
32,55798.6,30,"F5",0.3176,"1FH2"
32,55798.6,30,"F6",0.4209,"1F5"
32,55798.6,30,"F7",0.3805,"1F1"
32,55798.6,30,"G1",0.0917,"CONTROL"
32,55798.6,30,"G2",0.4145,"DH5A"
32,55798.6,30,"G3",0.1046,"DRAD"
32,55798.6,30,"G4",0.3011,"CM1"
32,55798.6,30,"G5",0.3406,"1FH2"
32,55798.6,30,"G6",0.4399,"1F5"
32,55798.6,30,"G7",0.2977,"1F1"
32,55798.6,30,"H1",0.0942,"CONTROL"
32,55798.6,30,"H2",0.4434,"DH5A"
32,55798.6,30,"H3",0.109,"DRAD"
32,55798.6,30,"H4",0.2754,"CM1"
32,55798.6,30,"H5",0.3395,"1FH2"
32,55798.6,30,"H6",0.519,"1F5"
33,57598.6,29.9,"A1",0.0959,"CONTROL"
33,57598.6,29.9,"A2",0.4229,"DH5A"
33,57598.6,29.9,"A3",0.1067,"DRAD"
33,57598.6,29.9,"A4",0.2596,"CM1"
33,57598.6,29.9,"A5",0.2978,"1FH2"
33,57598.6,29.9,"A6",0.5093,"1F5"
33,57598.6,29.9,"A7",0.3764,"1F1"
33,57598.6,29.9,"B1",0.0938,"CONTROL"
33,57598.6,29.9,"B2",0.4078,"DH5A"
33,57598.6,29.9,"B3",0.1114,"DRAD"
33,57598.6,29.9,"B4",0.2729,"CM1"
33,57598.6,29.9,"B5",0.3237,"1FH2"
33,57598.6,29.9,"B6",0.4495,"1F5"
33,57598.6,29.9,"B7",0.3189,"1F1"
33,57598.6,29.9,"C1",0.091,"CONTROL"
33,57598.6,29.9,"C2",0.4114,"DH5A"
33,57598.6,29.9,"C3",0.109,"DRAD"
33,57598.6,29.9,"C4",0.28,"CM1"
33,57598.6,29.9,"C5",0.2956,"1FH2"
33,57598.6,29.9,"C6",0.4571,"1F5"
33,57598.6,29.9,"C7",0.3479,"1F1"
33,57598.6,29.9,"D1",0.0938,"CONTROL"
33,57598.6,29.9,"D2",0.3986,"DH5A"
33,57598.6,29.9,"D3",0.1091,"DRAD"
33,57598.6,29.9,"D4",0.2775,"CM1"
33,57598.6,29.9,"D5",0.306,"1FH2"
33,57598.6,29.9,"D6",0.4393,"1F5"
33,57598.6,29.9,"D7",0.3074,"1F1"
33,57598.6,29.9,"E1",0.0937,"CONTROL"
33,57598.6,29.9,"E2",0.4068,"DH5A"
33,57598.6,29.9,"E3",0.1061,"DRAD"
33,57598.6,29.9,"E4",0.3198,"CM1"
33,57598.6,29.9,"E5",0.3373,"1FH2"
33,57598.6,29.9,"E6",0.4311,"1F5"
33,57598.6,29.9,"E7",0.3317,"1F1"
33,57598.6,29.9,"F1",0.0914,"CONTROL"
33,57598.6,29.9,"F2",0.393,"DH5A"
33,57598.6,29.9,"F3",0.2207,"DRAD"
33,57598.6,29.9,"F4",0.2742,"CM1"
33,57598.6,29.9,"F5",0.3124,"1FH2"
33,57598.6,29.9,"F6",0.4198,"1F5"
33,57598.6,29.9,"F7",0.3907,"1F1"
33,57598.6,29.9,"G1",0.0919,"CONTROL"
33,57598.6,29.9,"G2",0.4223,"DH5A"
33,57598.6,29.9,"G3",0.1061,"DRAD"
33,57598.6,29.9,"G4",0.2971,"CM1"
33,57598.6,29.9,"G5",0.345,"1FH2"
33,57598.6,29.9,"G6",0.4408,"1F5"
33,57598.6,29.9,"G7",0.299,"1F1"
33,57598.6,29.9,"H1",0.0947,"CONTROL"
33,57598.6,29.9,"H2",0.4507,"DH5A"
33,57598.6,29.9,"H3",0.1104,"DRAD"
33,57598.6,29.9,"H4",0.2782,"CM1"
33,57598.6,29.9,"H5",0.3389,"1FH2"
33,57598.6,29.9,"H6",0.5261,"1F5"
34,59398.6,29.8,"A1",0.0961,"CONTROL"
34,59398.6,29.8,"A2",0.4316,"DH5A"
34,59398.6,29.8,"A3",0.1082,"DRAD"
34,59398.6,29.8,"A4",0.2663,"CM1"
34,59398.6,29.8,"A5",0.3035,"1FH2"
34,59398.6,29.8,"A6",0.5087,"1F5"
34,59398.6,29.8,"A7",0.3791,"1F1"
34,59398.6,29.8,"B1",0.0937,"CONTROL"
34,59398.6,29.8,"B2",0.4201,"DH5A"
34,59398.6,29.8,"B3",0.1125,"DRAD"
34,59398.6,29.8,"B4",0.2757,"CM1"
34,59398.6,29.8,"B5",0.3296,"1FH2"
34,59398.6,29.8,"B6",0.449,"1F5"
34,59398.6,29.8,"B7",0.3253,"1F1"
34,59398.6,29.8,"C1",0.0905,"CONTROL"
34,59398.6,29.8,"C2",0.4209,"DH5A"
34,59398.6,29.8,"C3",0.1104,"DRAD"
34,59398.6,29.8,"C4",0.2832,"CM1"
34,59398.6,29.8,"C5",0.2926,"1FH2"
34,59398.6,29.8,"C6",0.4537,"1F5"
34,59398.6,29.8,"C7",0.349,"1F1"
34,59398.6,29.8,"D1",0.0945,"CONTROL"
34,59398.6,29.8,"D2",0.4079,"DH5A"
34,59398.6,29.8,"D3",0.1103,"DRAD"
34,59398.6,29.8,"D4",0.2818,"CM1"
34,59398.6,29.8,"D5",0.3084,"1FH2"
34,59398.6,29.8,"D6",0.437,"1F5"
34,59398.6,29.8,"D7",0.3083,"1F1"
34,59398.6,29.8,"E1",0.0937,"CONTROL"
34,59398.6,29.8,"E2",0.4165,"DH5A"
34,59398.6,29.8,"E3",0.108,"DRAD"
34,59398.6,29.8,"E4",0.329,"CM1"
34,59398.6,29.8,"E5",0.339,"1FH2"
34,59398.6,29.8,"E6",0.4289,"1F5"
34,59398.6,29.8,"E7",0.3437,"1F1"
34,59398.6,29.8,"F1",0.0923,"CONTROL"
34,59398.6,29.8,"F2",0.4009,"DH5A"
34,59398.6,29.8,"F3",0.2323,"DRAD"
34,59398.6,29.8,"F4",0.2733,"CM1"
34,59398.6,29.8,"F5",0.309,"1FH2"
34,59398.6,29.8,"F6",0.4168,"1F5"
34,59398.6,29.8,"F7",0.3988,"1F1"
34,59398.6,29.8,"G1",0.0922,"CONTROL"
34,59398.6,29.8,"G2",0.4322,"DH5A"
34,59398.6,29.8,"G3",0.1077,"DRAD"
34,59398.6,29.8,"G4",0.3005,"CM1"
34,59398.6,29.8,"G5",0.3479,"1FH2"
34,59398.6,29.8,"G6",0.4434,"1F5"
34,59398.6,29.8,"G7",0.2996,"1F1"
34,59398.6,29.8,"H1",0.0943,"CONTROL"
34,59398.6,29.8,"H2",0.4615,"DH5A"
34,59398.6,29.8,"H3",0.1118,"DRAD"
34,59398.6,29.8,"H4",0.2819,"CM1"
34,59398.6,29.8,"H5",0.331,"1FH2"
34,59398.6,29.8,"H6",0.5312,"1F5"
35,61198.6,30,"A1",0.0952,"CONTROL"
35,61198.6,30,"A2",0.4417,"DH5A"
35,61198.6,30,"A3",0.1094,"DRAD"
35,61198.6,30,"A4",0.2716,"CM1"
35,61198.6,30,"A5",0.3023,"1FH2"
35,61198.6,30,"A6",0.5143,"1F5"
35,61198.6,30,"A7",0.4467,"1F1"
35,61198.6,30,"B1",0.0932,"CONTROL"
35,61198.6,30,"B2",0.4297,"DH5A"
35,61198.6,30,"B3",0.1139,"DRAD"
35,61198.6,30,"B4",0.2784,"CM1"
35,61198.6,30,"B5",0.3267,"1FH2"
35,61198.6,30,"B6",0.4495,"1F5"
35,61198.6,30,"B7",0.3225,"1F1"
35,61198.6,30,"C1",0.0908,"CONTROL"
35,61198.6,30,"C2",0.4317,"DH5A"
35,61198.6,30,"C3",0.1114,"DRAD"
35,61198.6,30,"C4",0.2864,"CM1"
35,61198.6,30,"C5",0.2873,"1FH2"
35,61198.6,30,"C6",0.4498,"1F5"
35,61198.6,30,"C7",0.3523,"1F1"
35,61198.6,30,"D1",0.0947,"CONTROL"
35,61198.6,30,"D2",0.418,"DH5A"
35,61198.6,30,"D3",0.1119,"DRAD"
35,61198.6,30,"D4",0.2845,"CM1"
35,61198.6,30,"D5",0.3126,"1FH2"
35,61198.6,30,"D6",0.4348,"1F5"
35,61198.6,30,"D7",0.3067,"1F1"
35,61198.6,30,"E1",0.0939,"CONTROL"
35,61198.6,30,"E2",0.4263,"DH5A"
35,61198.6,30,"E3",0.11,"DRAD"
35,61198.6,30,"E4",0.3413,"CM1"
35,61198.6,30,"E5",0.3337,"1FH2"
35,61198.6,30,"E6",0.4253,"1F5"
35,61198.6,30,"E7",0.3541,"1F1"
35,61198.6,30,"F1",0.0922,"CONTROL"
35,61198.6,30,"F2",0.4121,"DH5A"
35,61198.6,30,"F3",0.2457,"DRAD"
35,61198.6,30,"F4",0.275,"CM1"
35,61198.6,30,"F5",0.3037,"1FH2"
35,61198.6,30,"F6",0.4134,"1F5"
35,61198.6,30,"F7",0.4043,"1F1"
35,61198.6,30,"G1",0.0925,"CONTROL"
35,61198.6,30,"G2",0.439,"DH5A"
35,61198.6,30,"G3",0.1092,"DRAD"
35,61198.6,30,"G4",0.2996,"CM1"
35,61198.6,30,"G5",0.3472,"1FH2"
35,61198.6,30,"G6",0.4469,"1F5"
35,61198.6,30,"G7",0.3006,"1F1"
35,61198.6,30,"H1",0.0949,"CONTROL"
35,61198.6,30,"H2",0.4776,"DH5A"
35,61198.6,30,"H3",0.113,"DRAD"
35,61198.6,30,"H4",0.2816,"CM1"
35,61198.6,30,"H5",0.3265,"1FH2"
35,61198.6,30,"H6",0.5336,"1F5"
36,62998.5,29.8,"A1",0.0954,"CONTROL"
36,62998.5,29.8,"A2",0.4576,"DH5A"
36,62998.5,29.8,"A3",0.1109,"DRAD"
36,62998.5,29.8,"A4",0.273,"CM1"
36,62998.5,29.8,"A5",0.3046,"1FH2"
36,62998.5,29.8,"A6",0.5187,"1F5"
36,62998.5,29.8,"A7",0.4469,"1F1"
36,62998.5,29.8,"B1",0.0938,"CONTROL"
36,62998.5,29.8,"B2",0.4406,"DH5A"
36,62998.5,29.8,"B3",0.1157,"DRAD"
36,62998.5,29.8,"B4",0.2809,"CM1"
36,62998.5,29.8,"B5",0.3255,"1FH2"
36,62998.5,29.8,"B6",0.4537,"1F5"
36,62998.5,29.8,"B7",0.3212,"1F1"
36,62998.5,29.8,"C1",0.0907,"CONTROL"
36,62998.5,29.8,"C2",0.4417,"DH5A"
36,62998.5,29.8,"C3",0.113,"DRAD"
36,62998.5,29.8,"C4",0.2895,"CM1"
36,62998.5,29.8,"C5",0.2843,"1FH2"
36,62998.5,29.8,"C6",0.4464,"1F5"
36,62998.5,29.8,"C7",0.3536,"1F1"
36,62998.5,29.8,"D1",0.0943,"CONTROL"
36,62998.5,29.8,"D2",0.4272,"DH5A"
36,62998.5,29.8,"D3",0.1131,"DRAD"
36,62998.5,29.8,"D4",0.2874,"CM1"
36,62998.5,29.8,"D5",0.3118,"1FH2"
36,62998.5,29.8,"D6",0.4318,"1F5"
36,62998.5,29.8,"D7",0.3108,"1F1"
36,62998.5,29.8,"E1",0.0938,"CONTROL"
36,62998.5,29.8,"E2",0.4374,"DH5A"
36,62998.5,29.8,"E3",0.1122,"DRAD"
36,62998.5,29.8,"E4",0.3505,"CM1"
36,62998.5,29.8,"E5",0.3356,"1FH2"
36,62998.5,29.8,"E6",0.4225,"1F5"
36,62998.5,29.8,"E7",0.3657,"1F1"
36,62998.5,29.8,"F1",0.0921,"CONTROL"
36,62998.5,29.8,"F2",0.4249,"DH5A"
36,62998.5,29.8,"F3",0.2593,"DRAD"
36,62998.5,29.8,"F4",0.2746,"CM1"
36,62998.5,29.8,"F5",0.306,"1FH2"
36,62998.5,29.8,"F6",0.4114,"1F5"
36,62998.5,29.8,"F7",0.4115,"1F1"
36,62998.5,29.8,"G1",0.092,"CONTROL"
36,62998.5,29.8,"G2",0.4495,"DH5A"
36,62998.5,29.8,"G3",0.1108,"DRAD"
36,62998.5,29.8,"G4",0.3003,"CM1"
36,62998.5,29.8,"G5",0.3444,"1FH2"
36,62998.5,29.8,"G6",0.4493,"1F5"
36,62998.5,29.8,"G7",0.302,"1F1"
36,62998.5,29.8,"H1",0.0942,"CONTROL"
36,62998.5,29.8,"H2",0.4871,"DH5A"
36,62998.5,29.8,"H3",0.1144,"DRAD"
36,62998.5,29.8,"H4",0.2781,"CM1"
36,62998.5,29.8,"H5",0.3249,"1FH2"
36,62998.5,29.8,"H6",0.5359,"1F5"
37,64798.4,29.8,"A1",0.0959,"CONTROL"
37,64798.4,29.8,"A2",0.4625,"DH5A"
37,64798.4,29.8,"A3",0.1126,"DRAD"
37,64798.4,29.8,"A4",0.2746,"CM1"
37,64798.4,29.8,"A5",0.3246,"1FH2"
37,64798.4,29.8,"A6",0.5236,"1F5"
37,64798.4,29.8,"A7",0.4645,"1F1"
37,64798.4,29.8,"B1",0.0936,"CONTROL"
37,64798.4,29.8,"B2",0.4521,"DH5A"
37,64798.4,29.8,"B3",0.1178,"DRAD"
37,64798.4,29.8,"B4",0.2835,"CM1"
37,64798.4,29.8,"B5",0.3242,"1FH2"
37,64798.4,29.8,"B6",0.4549,"1F5"
37,64798.4,29.8,"B7",0.3214,"1F1"
37,64798.4,29.8,"C1",0.0912,"CONTROL"
37,64798.4,29.8,"C2",0.452,"DH5A"
37,64798.4,29.8,"C3",0.1155,"DRAD"
37,64798.4,29.8,"C4",0.2914,"CM1"
37,64798.4,29.8,"C5",0.2816,"1FH2"
37,64798.4,29.8,"C6",0.4448,"1F5"
37,64798.4,29.8,"C7",0.3583,"1F1"
37,64798.4,29.8,"D1",0.0945,"CONTROL"
37,64798.4,29.8,"D2",0.4366,"DH5A"
37,64798.4,29.8,"D3",0.1144,"DRAD"
37,64798.4,29.8,"D4",0.2901,"CM1"
37,64798.4,29.8,"D5",0.3105,"1FH2"
37,64798.4,29.8,"D6",0.4302,"1F5"
37,64798.4,29.8,"D7",0.311,"1F1"
37,64798.4,29.8,"E1",0.0943,"CONTROL"
37,64798.4,29.8,"E2",0.4467,"DH5A"
37,64798.4,29.8,"E3",0.1151,"DRAD"
37,64798.4,29.8,"E4",0.3597,"CM1"
37,64798.4,29.8,"E5",0.3397,"1FH2"
37,64798.4,29.8,"E6",0.4203,"1F5"
37,64798.4,29.8,"E7",0.3777,"1F1"
37,64798.4,29.8,"F1",0.0914,"CONTROL"
37,64798.4,29.8,"F2",0.4335,"DH5A"
37,64798.4,29.8,"F3",0.2724,"DRAD"
37,64798.4,29.8,"F4",0.2738,"CM1"
37,64798.4,29.8,"F5",0.312,"1FH2"
37,64798.4,29.8,"F6",0.4098,"1F5"
37,64798.4,29.8,"F7",0.4178,"1F1"
37,64798.4,29.8,"G1",0.0924,"CONTROL"
37,64798.4,29.8,"G2",0.4567,"DH5A"
37,64798.4,29.8,"G3",0.1124,"DRAD"
37,64798.4,29.8,"G4",0.2992,"CM1"
37,64798.4,29.8,"G5",0.3412,"1FH2"
37,64798.4,29.8,"G6",0.4518,"1F5"
37,64798.4,29.8,"G7",0.3035,"1F1"
37,64798.4,29.8,"H1",0.0945,"CONTROL"
37,64798.4,29.8,"H2",0.4969,"DH5A"
37,64798.4,29.8,"H3",0.116,"DRAD"
37,64798.4,29.8,"H4",0.2772,"CM1"
37,64798.4,29.8,"H5",0.3189,"1FH2"
37,64798.4,29.8,"H6",0.5358,"1F5"
38,66598.4,30,"A1",0.0951,"CONTROL"
38,66598.4,30,"A2",0.4774,"DH5A"
38,66598.4,30,"A3",0.1142,"DRAD"
38,66598.4,30,"A4",0.2775,"CM1"
38,66598.4,30,"A5",0.3386,"1FH2"
38,66598.4,30,"A6",0.5287,"1F5"
38,66598.4,30,"A7",0.4479,"1F1"
38,66598.4,30,"B1",0.0942,"CONTROL"
38,66598.4,30,"B2",0.4596,"DH5A"
38,66598.4,30,"B3",0.1201,"DRAD"
38,66598.4,30,"B4",0.2859,"CM1"
38,66598.4,30,"B5",0.3259,"1FH2"
38,66598.4,30,"B6",0.4564,"1F5"
38,66598.4,30,"B7",0.3253,"1F1"
38,66598.4,30,"C1",0.0909,"CONTROL"
38,66598.4,30,"C2",0.4605,"DH5A"
38,66598.4,30,"C3",0.1173,"DRAD"
38,66598.4,30,"C4",0.2931,"CM1"
38,66598.4,30,"C5",0.2771,"1FH2"
38,66598.4,30,"C6",0.4427,"1F5"
38,66598.4,30,"C7",0.3607,"1F1"
38,66598.4,30,"D1",0.0947,"CONTROL"
38,66598.4,30,"D2",0.4463,"DH5A"
38,66598.4,30,"D3",0.1157,"DRAD"
38,66598.4,30,"D4",0.291,"CM1"
38,66598.4,30,"D5",0.3083,"1FH2"
38,66598.4,30,"D6",0.4282,"1F5"
38,66598.4,30,"D7",0.3136,"1F1"
38,66598.4,30,"E1",0.0938,"CONTROL"
38,66598.4,30,"E2",0.4572,"DH5A"
38,66598.4,30,"E3",0.1184,"DRAD"
38,66598.4,30,"E4",0.3715,"CM1"
38,66598.4,30,"E5",0.3396,"1FH2"
38,66598.4,30,"E6",0.4173,"1F5"
38,66598.4,30,"E7",0.3911,"1F1"
38,66598.4,30,"F1",0.0922,"CONTROL"
38,66598.4,30,"F2",0.4444,"DH5A"
38,66598.4,30,"F3",0.2851,"DRAD"
38,66598.4,30,"F4",0.2733,"CM1"
38,66598.4,30,"F5",0.3123,"1FH2"
38,66598.4,30,"F6",0.4066,"1F5"
38,66598.4,30,"F7",0.4256,"1F1"
38,66598.4,30,"G1",0.0925,"CONTROL"
38,66598.4,30,"G2",0.4636,"DH5A"
38,66598.4,30,"G3",0.114,"DRAD"
38,66598.4,30,"G4",0.2987,"CM1"
38,66598.4,30,"G5",0.3346,"1FH2"
38,66598.4,30,"G6",0.4558,"1F5"
38,66598.4,30,"G7",0.3051,"1F1"
38,66598.4,30,"H1",0.0947,"CONTROL"
38,66598.4,30,"H2",0.5096,"DH5A"
38,66598.4,30,"H3",0.1175,"DRAD"
38,66598.4,30,"H4",0.2777,"CM1"
38,66598.4,30,"H5",0.3188,"1FH2"
38,66598.4,30,"H6",0.5393,"1F5"
39,68398.4,30,"A1",0.0952,"CONTROL"
39,68398.4,30,"A2",0.4855,"DH5A"
39,68398.4,30,"A3",0.1159,"DRAD"
39,68398.4,30,"A4",0.2799,"CM1"
39,68398.4,30,"A5",0.3413,"1FH2"
39,68398.4,30,"A6",0.5334,"1F5"
39,68398.4,30,"A7",0.4528,"1F1"
39,68398.4,30,"B1",0.0934,"CONTROL"
39,68398.4,30,"B2",0.4687,"DH5A"
39,68398.4,30,"B3",0.1213,"DRAD"
39,68398.4,30,"B4",0.2884,"CM1"
39,68398.4,30,"B5",0.3301,"1FH2"
39,68398.4,30,"B6",0.4597,"1F5"
39,68398.4,30,"B7",0.3307,"1F1"
39,68398.4,30,"C1",0.0906,"CONTROL"
39,68398.4,30,"C2",0.4708,"DH5A"
39,68398.4,30,"C3",0.1194,"DRAD"
39,68398.4,30,"C4",0.2948,"CM1"
39,68398.4,30,"C5",0.2804,"1FH2"
39,68398.4,30,"C6",0.4416,"1F5"
39,68398.4,30,"C7",0.3646,"1F1"
39,68398.4,30,"D1",0.0945,"CONTROL"
39,68398.4,30,"D2",0.4564,"DH5A"
39,68398.4,30,"D3",0.1172,"DRAD"
39,68398.4,30,"D4",0.2926,"CM1"
39,68398.4,30,"D5",0.3045,"1FH2"
39,68398.4,30,"D6",0.4256,"1F5"
39,68398.4,30,"D7",0.3141,"1F1"
39,68398.4,30,"E1",0.0949,"CONTROL"
39,68398.4,30,"E2",0.4674,"DH5A"
39,68398.4,30,"E3",0.1234,"DRAD"
39,68398.4,30,"E4",0.384,"CM1"
39,68398.4,30,"E5",0.3387,"1FH2"
39,68398.4,30,"E6",0.4169,"1F5"
39,68398.4,30,"E7",0.4023,"1F1"
39,68398.4,30,"F1",0.0921,"CONTROL"
39,68398.4,30,"F2",0.4545,"DH5A"
39,68398.4,30,"F3",0.2991,"DRAD"
39,68398.4,30,"F4",0.2745,"CM1"
39,68398.4,30,"F5",0.3156,"1FH2"
39,68398.4,30,"F6",0.4037,"1F5"
39,68398.4,30,"F7",0.4311,"1F1"
39,68398.4,30,"G1",0.0925,"CONTROL"
39,68398.4,30,"G2",0.4748,"DH5A"
39,68398.4,30,"G3",0.1156,"DRAD"
39,68398.4,30,"G4",0.3034,"CM1"
39,68398.4,30,"G5",0.335,"1FH2"
39,68398.4,30,"G6",0.4624,"1F5"
39,68398.4,30,"G7",0.3052,"1F1"
39,68398.4,30,"H1",0.0944,"CONTROL"
39,68398.4,30,"H2",0.5188,"DH5A"
39,68398.4,30,"H3",0.1193,"DRAD"
39,68398.4,30,"H4",0.2743,"CM1"
39,68398.4,30,"H5",0.3197,"1FH2"
39,68398.4,30,"H6",0.5385,"1F5"
40,70198.3,30,"A1",0.0952,"CONTROL"
40,70198.3,30,"A2",0.4987,"DH5A"
40,70198.3,30,"A3",0.1178,"DRAD"
40,70198.3,30,"A4",0.2833,"CM1"
40,70198.3,30,"A5",0.3416,"1FH2"
40,70198.3,30,"A6",0.5412,"1F5"
40,70198.3,30,"A7",0.4689,"1F1"
40,70198.3,30,"B1",0.0937,"CONTROL"
40,70198.3,30,"B2",0.4796,"DH5A"
40,70198.3,30,"B3",0.1239,"DRAD"
40,70198.3,30,"B4",0.2912,"CM1"
40,70198.3,30,"B5",0.3229,"1FH2"
40,70198.3,30,"B6",0.4653,"1F5"
40,70198.3,30,"B7",0.3304,"1F1"
40,70198.3,30,"C1",0.0913,"CONTROL"
40,70198.3,30,"C2",0.4816,"DH5A"
40,70198.3,30,"C3",0.1217,"DRAD"
40,70198.3,30,"C4",0.2962,"CM1"
40,70198.3,30,"C5",0.286,"1FH2"
40,70198.3,30,"C6",0.4389,"1F5"
40,70198.3,30,"C7",0.3671,"1F1"
40,70198.3,30,"D1",0.0948,"CONTROL"
40,70198.3,30,"D2",0.4666,"DH5A"
40,70198.3,30,"D3",0.1199,"DRAD"
40,70198.3,30,"D4",0.2953,"CM1"
40,70198.3,30,"D5",0.3038,"1FH2"
40,70198.3,30,"D6",0.4248,"1F5"
40,70198.3,30,"D7",0.3164,"1F1"
40,70198.3,30,"E1",0.094,"CONTROL"
40,70198.3,30,"E2",0.4787,"DH5A"
40,70198.3,30,"E3",0.1291,"DRAD"
40,70198.3,30,"E4",0.3936,"CM1"
40,70198.3,30,"E5",0.3394,"1FH2"
40,70198.3,30,"E6",0.4136,"1F5"
40,70198.3,30,"E7",0.4123,"1F1"
40,70198.3,30,"F1",0.092,"CONTROL"
40,70198.3,30,"F2",0.465,"DH5A"
40,70198.3,30,"F3",0.3125,"DRAD"
40,70198.3,30,"F4",0.2757,"CM1"
40,70198.3,30,"F5",0.3177,"1FH2"
40,70198.3,30,"F6",0.4006,"1F5"
40,70198.3,30,"F7",0.443,"1F1"
40,70198.3,30,"G1",0.0924,"CONTROL"
40,70198.3,30,"G2",0.4825,"DH5A"
40,70198.3,30,"G3",0.1174,"DRAD"
40,70198.3,30,"G4",0.3016,"CM1"
40,70198.3,30,"G5",0.3365,"1FH2"
40,70198.3,30,"G6",0.4677,"1F5"
40,70198.3,30,"G7",0.3067,"1F1"
40,70198.3,30,"H1",0.0946,"CONTROL"
40,70198.3,30,"H2",0.5294,"DH5A"
40,70198.3,30,"H3",0.1212,"DRAD"
40,70198.3,30,"H4",0.279,"CM1"
40,70198.3,30,"H5",0.332,"1FH2"
40,70198.3,30,"H6",0.5481,"1F5"
41,71998.3,30.1,"A1",0.0954,"CONTROL"
41,71998.3,30.1,"A2",0.5091,"DH5A"
41,71998.3,30.1,"A3",0.1196,"DRAD"
41,71998.3,30.1,"A4",0.2857,"CM1"
41,71998.3,30.1,"A5",0.3336,"1FH2"
41,71998.3,30.1,"A6",0.5496,"1F5"
41,71998.3,30.1,"A7",0.4814,"1F1"
41,71998.3,30.1,"B1",0.094,"CONTROL"
41,71998.3,30.1,"B2",0.4883,"DH5A"
41,71998.3,30.1,"B3",0.126,"DRAD"
41,71998.3,30.1,"B4",0.2933,"CM1"
41,71998.3,30.1,"B5",0.3252,"1FH2"
41,71998.3,30.1,"B6",0.4721,"1F5"
41,71998.3,30.1,"B7",0.3306,"1F1"
41,71998.3,30.1,"C1",0.0905,"CONTROL"
41,71998.3,30.1,"C2",0.489,"DH5A"
41,71998.3,30.1,"C3",0.1238,"DRAD"
41,71998.3,30.1,"C4",0.2972,"CM1"
41,71998.3,30.1,"C5",0.2903,"1FH2"
41,71998.3,30.1,"C6",0.4382,"1F5"
41,71998.3,30.1,"C7",0.3684,"1F1"
41,71998.3,30.1,"D1",0.0941,"CONTROL"
41,71998.3,30.1,"D2",0.4756,"DH5A"
41,71998.3,30.1,"D3",0.1214,"DRAD"
41,71998.3,30.1,"D4",0.2976,"CM1"
41,71998.3,30.1,"D5",0.3059,"1FH2"
41,71998.3,30.1,"D6",0.4224,"1F5"
41,71998.3,30.1,"D7",0.317,"1F1"
41,71998.3,30.1,"E1",0.0942,"CONTROL"
41,71998.3,30.1,"E2",0.4887,"DH5A"
41,71998.3,30.1,"E3",0.135,"DRAD"
41,71998.3,30.1,"E4",0.4032,"CM1"
41,71998.3,30.1,"E5",0.3424,"1FH2"
41,71998.3,30.1,"E6",0.412,"1F5"
41,71998.3,30.1,"E7",0.4236,"1F1"
41,71998.3,30.1,"F1",0.0921,"CONTROL"
41,71998.3,30.1,"F2",0.4757,"DH5A"
41,71998.3,30.1,"F3",0.3265,"DRAD"
41,71998.3,30.1,"F4",0.2765,"CM1"
41,71998.3,30.1,"F5",0.3208,"1FH2"
41,71998.3,30.1,"F6",0.3989,"1F5"
41,71998.3,30.1,"F7",0.4545,"1F1"
41,71998.3,30.1,"G1",0.0924,"CONTROL"
41,71998.3,30.1,"G2",0.4905,"DH5A"
41,71998.3,30.1,"G3",0.1179,"DRAD"
41,71998.3,30.1,"G4",0.3035,"CM1"
41,71998.3,30.1,"G5",0.3354,"1FH2"
41,71998.3,30.1,"G6",0.4748,"1F5"
41,71998.3,30.1,"G7",0.3074,"1F1"
41,71998.3,30.1,"H1",0.0944,"CONTROL"
41,71998.3,30.1,"H2",0.5426,"DH5A"
41,71998.3,30.1,"H3",0.1228,"DRAD"
41,71998.3,30.1,"H4",0.2667,"CM1"
41,71998.3,30.1,"H5",0.3275,"1FH2"
41,71998.3,30.1,"H6",0.5357,"1F5"
42,73798.3,30.1,"A1",0.0955,"CONTROL"
42,73798.3,30.1,"A2",0.5181,"DH5A"
42,73798.3,30.1,"A3",0.1216,"DRAD"
42,73798.3,30.1,"A4",0.2898,"CM1"
42,73798.3,30.1,"A5",0.3274,"1FH2"
42,73798.3,30.1,"A6",0.5582,"1F5"
42,73798.3,30.1,"A7",0.5031,"1F1"
42,73798.3,30.1,"B1",0.0932,"CONTROL"
42,73798.3,30.1,"B2",0.4944,"DH5A"
42,73798.3,30.1,"B3",0.1282,"DRAD"
42,73798.3,30.1,"B4",0.2958,"CM1"
42,73798.3,30.1,"B5",0.321,"1FH2"
42,73798.3,30.1,"B6",0.4788,"1F5"
42,73798.3,30.1,"B7",0.3376,"1F1"
42,73798.3,30.1,"C1",0.0911,"CONTROL"
42,73798.3,30.1,"C2",0.4974,"DH5A"
42,73798.3,30.1,"C3",0.1259,"DRAD"
42,73798.3,30.1,"C4",0.2977,"CM1"
42,73798.3,30.1,"C5",0.2899,"1FH2"
42,73798.3,30.1,"C6",0.4362,"1F5"
42,73798.3,30.1,"C7",0.3722,"1F1"
42,73798.3,30.1,"D1",0.0947,"CONTROL"
42,73798.3,30.1,"D2",0.4862,"DH5A"
42,73798.3,30.1,"D3",0.1236,"DRAD"
42,73798.3,30.1,"D4",0.2997,"CM1"
42,73798.3,30.1,"D5",0.2999,"1FH2"
42,73798.3,30.1,"D6",0.4202,"1F5"
42,73798.3,30.1,"D7",0.3183,"1F1"
42,73798.3,30.1,"E1",0.0946,"CONTROL"
42,73798.3,30.1,"E2",0.4991,"DH5A"
42,73798.3,30.1,"E3",0.1427,"DRAD"
42,73798.3,30.1,"E4",0.4147,"CM1"
42,73798.3,30.1,"E5",0.3404,"1FH2"
42,73798.3,30.1,"E6",0.4116,"1F5"
42,73798.3,30.1,"E7",0.4332,"1F1"
42,73798.3,30.1,"F1",0.0921,"CONTROL"
42,73798.3,30.1,"F2",0.485,"DH5A"
42,73798.3,30.1,"F3",0.3403,"DRAD"
42,73798.3,30.1,"F4",0.2769,"CM1"
42,73798.3,30.1,"F5",0.3272,"1FH2"
42,73798.3,30.1,"F6",0.3972,"1F5"
42,73798.3,30.1,"F7",0.4721,"1F1"
42,73798.3,30.1,"G1",0.0918,"CONTROL"
42,73798.3,30.1,"G2",0.5009,"DH5A"
42,73798.3,30.1,"G3",0.1196,"DRAD"
42,73798.3,30.1,"G4",0.3045,"CM1"
42,73798.3,30.1,"G5",0.3378,"1FH2"
42,73798.3,30.1,"G6",0.4832,"1F5"
42,73798.3,30.1,"G7",0.3106,"1F1"
42,73798.3,30.1,"H1",0.0947,"CONTROL"
42,73798.3,30.1,"H2",0.5539,"DH5A"
42,73798.3,30.1,"H3",0.1244,"DRAD"
42,73798.3,30.1,"H4",0.2671,"CM1"
42,73798.3,30.1,"H5",0.3293,"1FH2"
42,73798.3,30.1,"H6",0.5433,"1F5"
43,75598.2,30.1,"A1",0.0951,"CONTROL"
43,75598.2,30.1,"A2",0.5265,"DH5A"
43,75598.2,30.1,"A3",0.1236,"DRAD"
43,75598.2,30.1,"A4",0.2948,"CM1"
43,75598.2,30.1,"A5",0.3207,"1FH2"
43,75598.2,30.1,"A6",0.5671,"1F5"
43,75598.2,30.1,"A7",0.4852,"1F1"
43,75598.2,30.1,"B1",0.094,"CONTROL"
43,75598.2,30.1,"B2",0.5055,"DH5A"
43,75598.2,30.1,"B3",0.1306,"DRAD"
43,75598.2,30.1,"B4",0.2983,"CM1"
43,75598.2,30.1,"B5",0.3187,"1FH2"
43,75598.2,30.1,"B6",0.4872,"1F5"
43,75598.2,30.1,"B7",0.331,"1F1"
43,75598.2,30.1,"C1",0.0908,"CONTROL"
43,75598.2,30.1,"C2",0.5062,"DH5A"
43,75598.2,30.1,"C3",0.1272,"DRAD"
43,75598.2,30.1,"C4",0.2994,"CM1"
43,75598.2,30.1,"C5",0.2899,"1FH2"
43,75598.2,30.1,"C6",0.4362,"1F5"
43,75598.2,30.1,"C7",0.3706,"1F1"
43,75598.2,30.1,"D1",0.0939,"CONTROL"
43,75598.2,30.1,"D2",0.4959,"DH5A"
43,75598.2,30.1,"D3",0.125,"DRAD"
43,75598.2,30.1,"D4",0.3009,"CM1"
43,75598.2,30.1,"D5",0.2958,"1FH2"
43,75598.2,30.1,"D6",0.4198,"1F5"
43,75598.2,30.1,"D7",0.3203,"1F1"
43,75598.2,30.1,"E1",0.0943,"CONTROL"
43,75598.2,30.1,"E2",0.5086,"DH5A"
43,75598.2,30.1,"E3",0.1528,"DRAD"
43,75598.2,30.1,"E4",0.4219,"CM1"
43,75598.2,30.1,"E5",0.34,"1FH2"
43,75598.2,30.1,"E6",0.4107,"1F5"
43,75598.2,30.1,"E7",0.4426,"1F1"
43,75598.2,30.1,"F1",0.0916,"CONTROL"
43,75598.2,30.1,"F2",0.4948,"DH5A"
43,75598.2,30.1,"F3",0.3536,"DRAD"
43,75598.2,30.1,"F4",0.2775,"CM1"
43,75598.2,30.1,"F5",0.3264,"1FH2"
43,75598.2,30.1,"F6",0.3967,"1F5"
43,75598.2,30.1,"F7",0.4948,"1F1"
43,75598.2,30.1,"G1",0.0917,"CONTROL"
43,75598.2,30.1,"G2",0.5094,"DH5A"
43,75598.2,30.1,"G3",0.1214,"DRAD"
43,75598.2,30.1,"G4",0.3071,"CM1"
43,75598.2,30.1,"G5",0.3284,"1FH2"
43,75598.2,30.1,"G6",0.4909,"1F5"
43,75598.2,30.1,"G7",0.3124,"1F1"
43,75598.2,30.1,"H1",0.0951,"CONTROL"
43,75598.2,30.1,"H2",0.5636,"DH5A"
43,75598.2,30.1,"H3",0.1263,"DRAD"
43,75598.2,30.1,"H4",0.2687,"CM1"
43,75598.2,30.1,"H5",0.329,"1FH2"
43,75598.2,30.1,"H6",0.5444,"1F5"
44,77398.2,30,"A1",0.0952,"CONTROL"
44,77398.2,30,"A2",0.5347,"DH5A"
44,77398.2,30,"A3",0.1258,"DRAD"
44,77398.2,30,"A4",0.2985,"CM1"
44,77398.2,30,"A5",0.315,"1FH2"
44,77398.2,30,"A6",0.5762,"1F5"
44,77398.2,30,"A7",0.4559,"1F1"
44,77398.2,30,"B1",0.0939,"CONTROL"
44,77398.2,30,"B2",0.5124,"DH5A"
44,77398.2,30,"B3",0.133,"DRAD"
44,77398.2,30,"B4",0.301,"CM1"
44,77398.2,30,"B5",0.3156,"1FH2"
44,77398.2,30,"B6",0.4936,"1F5"
44,77398.2,30,"B7",0.3348,"1F1"
44,77398.2,30,"C1",0.0911,"CONTROL"
44,77398.2,30,"C2",0.5151,"DH5A"
44,77398.2,30,"C3",0.1297,"DRAD"
44,77398.2,30,"C4",0.3001,"CM1"
44,77398.2,30,"C5",0.2888,"1FH2"
44,77398.2,30,"C6",0.4358,"1F5"
44,77398.2,30,"C7",0.3618,"1F1"
44,77398.2,30,"D1",0.0941,"CONTROL"
44,77398.2,30,"D2",0.5038,"DH5A"
44,77398.2,30,"D3",0.1274,"DRAD"
44,77398.2,30,"D4",0.303,"CM1"
44,77398.2,30,"D5",0.299,"1FH2"
44,77398.2,30,"D6",0.4189,"1F5"
44,77398.2,30,"D7",0.3235,"1F1"
44,77398.2,30,"E1",0.095,"CONTROL"
44,77398.2,30,"E2",0.5163,"DH5A"
44,77398.2,30,"E3",0.1639,"DRAD"
44,77398.2,30,"E4",0.4305,"CM1"
44,77398.2,30,"E5",0.3392,"1FH2"
44,77398.2,30,"E6",0.409,"1F5"
44,77398.2,30,"E7",0.4478,"1F1"
44,77398.2,30,"F1",0.0915,"CONTROL"
44,77398.2,30,"F2",0.5032,"DH5A"
44,77398.2,30,"F3",0.3677,"DRAD"
44,77398.2,30,"F4",0.2784,"CM1"
44,77398.2,30,"F5",0.3242,"1FH2"
44,77398.2,30,"F6",0.3944,"1F5"
44,77398.2,30,"F7",0.5014,"1F1"
44,77398.2,30,"G1",0.0921,"CONTROL"
44,77398.2,30,"G2",0.5163,"DH5A"
44,77398.2,30,"G3",0.1229,"DRAD"
44,77398.2,30,"G4",0.3056,"CM1"
44,77398.2,30,"G5",0.3201,"1FH2"
44,77398.2,30,"G6",0.4983,"1F5"
44,77398.2,30,"G7",0.3149,"1F1"
44,77398.2,30,"H1",0.0949,"CONTROL"
44,77398.2,30,"H2",0.5758,"DH5A"
44,77398.2,30,"H3",0.1287,"DRAD"
44,77398.2,30,"H4",0.2686,"CM1"
44,77398.2,30,"H5",0.3277,"1FH2"
44,77398.2,30,"H6",0.543,"1F5"
45,79198.1,30.2,"A1",0.0951,"CONTROL"
45,79198.1,30.2,"A2",0.5392,"DH5A"
45,79198.1,30.2,"A3",0.1277,"DRAD"
45,79198.1,30.2,"A4",0.2991,"CM1"
45,79198.1,30.2,"A5",0.3003,"1FH2"
45,79198.1,30.2,"A6",0.5858,"1F5"
45,79198.1,30.2,"A7",0.5367,"1F1"
45,79198.1,30.2,"B1",0.0938,"CONTROL"
45,79198.1,30.2,"B2",0.5226,"DH5A"
45,79198.1,30.2,"B3",0.1352,"DRAD"
45,79198.1,30.2,"B4",0.3037,"CM1"
45,79198.1,30.2,"B5",0.315,"1FH2"
45,79198.1,30.2,"B6",0.5013,"1F5"
45,79198.1,30.2,"B7",0.3377,"1F1"
45,79198.1,30.2,"C1",0.0906,"CONTROL"
45,79198.1,30.2,"C2",0.5261,"DH5A"
45,79198.1,30.2,"C3",0.1321,"DRAD"
45,79198.1,30.2,"C4",0.3006,"CM1"
45,79198.1,30.2,"C5",0.2886,"1FH2"
45,79198.1,30.2,"C6",0.4332,"1F5"
45,79198.1,30.2,"C7",0.3629,"1F1"
45,79198.1,30.2,"D1",0.0941,"CONTROL"
45,79198.1,30.2,"D2",0.5132,"DH5A"
45,79198.1,30.2,"D3",0.1298,"DRAD"
45,79198.1,30.2,"D4",0.3042,"CM1"
45,79198.1,30.2,"D5",0.2978,"1FH2"
45,79198.1,30.2,"D6",0.4182,"1F5"
45,79198.1,30.2,"D7",0.3232,"1F1"
45,79198.1,30.2,"E1",0.0941,"CONTROL"
45,79198.1,30.2,"E2",0.5255,"DH5A"
45,79198.1,30.2,"E3",0.1739,"DRAD"
45,79198.1,30.2,"E4",0.437,"CM1"
45,79198.1,30.2,"E5",0.338,"1FH2"
45,79198.1,30.2,"E6",0.4075,"1F5"
45,79198.1,30.2,"E7",0.452,"1F1"
45,79198.1,30.2,"F1",0.0915,"CONTROL"
45,79198.1,30.2,"F2",0.5133,"DH5A"
45,79198.1,30.2,"F3",0.3801,"DRAD"
45,79198.1,30.2,"F4",0.279,"CM1"
45,79198.1,30.2,"F5",0.3245,"1FH2"
45,79198.1,30.2,"F6",0.3936,"1F5"
45,79198.1,30.2,"F7",0.4988,"1F1"
45,79198.1,30.2,"G1",0.092,"CONTROL"
45,79198.1,30.2,"G2",0.5283,"DH5A"
45,79198.1,30.2,"G3",0.1247,"DRAD"
45,79198.1,30.2,"G4",0.3073,"CM1"
45,79198.1,30.2,"G5",0.3145,"1FH2"
45,79198.1,30.2,"G6",0.5051,"1F5"
45,79198.1,30.2,"G7",0.3152,"1F1"
45,79198.1,30.2,"H1",0.0948,"CONTROL"
45,79198.1,30.2,"H2",0.5835,"DH5A"
45,79198.1,30.2,"H3",0.131,"DRAD"
45,79198.1,30.2,"H4",0.2699,"CM1"
45,79198.1,30.2,"H5",0.3244,"1FH2"
45,79198.1,30.2,"H6",0.5465,"1F5"
46,80998.1,30.2,"A1",0.095,"CONTROL"
46,80998.1,30.2,"A2",0.5538,"DH5A"
46,80998.1,30.2,"A3",0.1292,"DRAD"
46,80998.1,30.2,"A4",0.3013,"CM1"
46,80998.1,30.2,"A5",0.3037,"1FH2"
46,80998.1,30.2,"A6",0.5926,"1F5"
46,80998.1,30.2,"A7",0.5468,"1F1"
46,80998.1,30.2,"B1",0.0941,"CONTROL"
46,80998.1,30.2,"B2",0.5304,"DH5A"
46,80998.1,30.2,"B3",0.1372,"DRAD"
46,80998.1,30.2,"B4",0.3053,"CM1"
46,80998.1,30.2,"B5",0.3131,"1FH2"
46,80998.1,30.2,"B6",0.5083,"1F5"
46,80998.1,30.2,"B7",0.3412,"1F1"
46,80998.1,30.2,"C1",0.0914,"CONTROL"
46,80998.1,30.2,"C2",0.5336,"DH5A"
46,80998.1,30.2,"C3",0.1334,"DRAD"
46,80998.1,30.2,"C4",0.3005,"CM1"
46,80998.1,30.2,"C5",0.2791,"1FH2"
46,80998.1,30.2,"C6",0.4332,"1F5"
46,80998.1,30.2,"C7",0.4093,"1F1"
46,80998.1,30.2,"D1",0.0947,"CONTROL"
46,80998.1,30.2,"D2",0.5222,"DH5A"
46,80998.1,30.2,"D3",0.1312,"DRAD"
46,80998.1,30.2,"D4",0.3064,"CM1"
46,80998.1,30.2,"D5",0.2945,"1FH2"
46,80998.1,30.2,"D6",0.4158,"1F5"
46,80998.1,30.2,"D7",0.3242,"1F1"
46,80998.1,30.2,"E1",0.0947,"CONTROL"
46,80998.1,30.2,"E2",0.535,"DH5A"
46,80998.1,30.2,"E3",0.1867,"DRAD"
46,80998.1,30.2,"E4",0.447,"CM1"
46,80998.1,30.2,"E5",0.3363,"1FH2"
46,80998.1,30.2,"E6",0.407,"1F5"
46,80998.1,30.2,"E7",0.4611,"1F1"
46,80998.1,30.2,"F1",0.0915,"CONTROL"
46,80998.1,30.2,"F2",0.5211,"DH5A"
46,80998.1,30.2,"F3",0.3934,"DRAD"
46,80998.1,30.2,"F4",0.2802,"CM1"
46,80998.1,30.2,"F5",0.3293,"1FH2"
46,80998.1,30.2,"F6",0.392,"1F5"
46,80998.1,30.2,"F7",0.4987,"1F1"
46,80998.1,30.2,"G1",0.0923,"CONTROL"
46,80998.1,30.2,"G2",0.5371,"DH5A"
46,80998.1,30.2,"G3",0.1271,"DRAD"
46,80998.1,30.2,"G4",0.3076,"CM1"
46,80998.1,30.2,"G5",0.314,"1FH2"
46,80998.1,30.2,"G6",0.513,"1F5"
46,80998.1,30.2,"G7",0.3182,"1F1"
46,80998.1,30.2,"H1",0.095,"CONTROL"
46,80998.1,30.2,"H2",0.5942,"DH5A"
46,80998.1,30.2,"H3",0.1332,"DRAD"
46,80998.1,30.2,"H4",0.2668,"CM1"
46,80998.1,30.2,"H5",0.3207,"1FH2"
46,80998.1,30.2,"H6",0.5455,"1F5"
47,82798,30,"A1",0.095,"CONTROL"
47,82798,30,"A2",0.5586,"DH5A"
47,82798,30,"A3",0.1312,"DRAD"
47,82798,30,"A4",0.3029,"CM1"
47,82798,30,"A5",0.3004,"1FH2"
47,82798,30,"A6",0.5993,"1F5"
47,82798,30,"A7",0.5486,"1F1"
47,82798,30,"B1",0.0934,"CONTROL"
47,82798,30,"B2",0.5393,"DH5A"
47,82798,30,"B3",0.1394,"DRAD"
47,82798,30,"B4",0.3053,"CM1"
47,82798,30,"B5",0.3176,"1FH2"
47,82798,30,"B6",0.516,"1F5"
47,82798,30,"B7",0.3414,"1F1"
47,82798,30,"C1",0.0906,"CONTROL"
47,82798,30,"C2",0.5419,"DH5A"
47,82798,30,"C3",0.1367,"DRAD"
47,82798,30,"C4",0.3021,"CM1"
47,82798,30,"C5",0.2886,"1FH2"
47,82798,30,"C6",0.4331,"1F5"
47,82798,30,"C7",0.3772,"1F1"
47,82798,30,"D1",0.0947,"CONTROL"
47,82798,30,"D2",0.5301,"DH5A"
47,82798,30,"D3",0.1332,"DRAD"
47,82798,30,"D4",0.3075,"CM1"
47,82798,30,"D5",0.2933,"1FH2"
47,82798,30,"D6",0.4167,"1F5"
47,82798,30,"D7",0.3253,"1F1"
47,82798,30,"E1",0.0947,"CONTROL"
47,82798,30,"E2",0.5413,"DH5A"
47,82798,30,"E3",0.1979,"DRAD"
47,82798,30,"E4",0.4586,"CM1"
47,82798,30,"E5",0.3381,"1FH2"
47,82798,30,"E6",0.406,"1F5"
47,82798,30,"E7",0.4667,"1F1"
47,82798,30,"F1",0.0915,"CONTROL"
47,82798,30,"F2",0.5278,"DH5A"
47,82798,30,"F3",0.4076,"DRAD"
47,82798,30,"F4",0.281,"CM1"
47,82798,30,"F5",0.33,"1FH2"
47,82798,30,"F6",0.3927,"1F5"
47,82798,30,"F7",0.5063,"1F1"
47,82798,30,"G1",0.0921,"CONTROL"
47,82798,30,"G2",0.5448,"DH5A"
47,82798,30,"G3",0.1287,"DRAD"
47,82798,30,"G4",0.3091,"CM1"
47,82798,30,"G5",0.3135,"1FH2"
47,82798,30,"G6",0.5215,"1F5"
47,82798,30,"G7",0.3169,"1F1"
47,82798,30,"H1",0.0948,"CONTROL"
47,82798,30,"H2",0.6058,"DH5A"
47,82798,30,"H3",0.1355,"DRAD"
47,82798,30,"H4",0.2755,"CM1"
47,82798,30,"H5",0.324,"1FH2"
47,82798,30,"H6",0.5543,"1F5"
48,84598,30.2,"A1",0.0954,"CONTROL"
48,84598,30.2,"A2",0.5624,"DH5A"
48,84598,30.2,"A3",0.1329,"DRAD"
48,84598,30.2,"A4",0.3071,"CM1"
48,84598,30.2,"A5",0.304,"1FH2"
48,84598,30.2,"A6",0.6066,"1F5"
48,84598,30.2,"A7",0.5492,"1F1"
48,84598,30.2,"B1",0.0939,"CONTROL"
48,84598,30.2,"B2",0.5443,"DH5A"
48,84598,30.2,"B3",0.1411,"DRAD"
48,84598,30.2,"B4",0.3087,"CM1"
48,84598,30.2,"B5",0.3236,"1FH2"
48,84598,30.2,"B6",0.5234,"1F5"
48,84598,30.2,"B7",0.3442,"1F1"
48,84598,30.2,"C1",0.0925,"CONTROL"
48,84598,30.2,"C2",0.547,"DH5A"
48,84598,30.2,"C3",0.1372,"DRAD"
48,84598,30.2,"C4",0.3039,"CM1"
48,84598,30.2,"C5",0.2824,"1FH2"
48,84598,30.2,"C6",0.4332,"1F5"
48,84598,30.2,"C7",0.3906,"1F1"
48,84598,30.2,"D1",0.0945,"CONTROL"
48,84598,30.2,"D2",0.5363,"DH5A"
48,84598,30.2,"D3",0.1351,"DRAD"
48,84598,30.2,"D4",0.3097,"CM1"
48,84598,30.2,"D5",0.2942,"1FH2"
48,84598,30.2,"D6",0.4171,"1F5"
48,84598,30.2,"D7",0.3264,"1F1"
48,84598,30.2,"E1",0.0941,"CONTROL"
48,84598,30.2,"E2",0.5494,"DH5A"
48,84598,30.2,"E3",0.2096,"DRAD"
48,84598,30.2,"E4",0.4682,"CM1"
48,84598,30.2,"E5",0.3401,"1FH2"
48,84598,30.2,"E6",0.4065,"1F5"
48,84598,30.2,"E7",0.474,"1F1"
48,84598,30.2,"F1",0.0916,"CONTROL"
48,84598,30.2,"F2",0.5343,"DH5A"
48,84598,30.2,"F3",0.4223,"DRAD"
48,84598,30.2,"F4",0.2817,"CM1"
48,84598,30.2,"F5",0.3312,"1FH2"
48,84598,30.2,"F6",0.3927,"1F5"
48,84598,30.2,"F7",0.5092,"1F1"
48,84598,30.2,"G1",0.0921,"CONTROL"
48,84598,30.2,"G2",0.5524,"DH5A"
48,84598,30.2,"G3",0.1313,"DRAD"
48,84598,30.2,"G4",0.3106,"CM1"
48,84598,30.2,"G5",0.3126,"1FH2"
48,84598,30.2,"G6",0.5277,"1F5"
48,84598,30.2,"G7",0.3188,"1F1"
48,84598,30.2,"H1",0.0952,"CONTROL"
48,84598,30.2,"H2",0.6175,"DH5A"
48,84598,30.2,"H3",0.1374,"DRAD"
48,84598,30.2,"H4",0.2871,"CM1"
48,84598,30.2,"H5",0.3253,"1FH2"
48,84598,30.2,"H6",0.5629,"1F5"
49,86398,30.3,"A1",0.0949,"CONTROL"
49,86398,30.3,"A2",0.5691,"DH5A"
49,86398,30.3,"A3",0.1348,"DRAD"
49,86398,30.3,"A4",0.3073,"CM1"
49,86398,30.3,"A5",0.2973,"1FH2"
49,86398,30.3,"A6",0.6149,"1F5"
49,86398,30.3,"A7",0.5722,"1F1"
49,86398,30.3,"B1",0.0935,"CONTROL"
49,86398,30.3,"B2",0.5512,"DH5A"
49,86398,30.3,"B3",0.1433,"DRAD"
49,86398,30.3,"B4",0.31,"CM1"
49,86398,30.3,"B5",0.3288,"1FH2"
49,86398,30.3,"B6",0.5307,"1F5"
49,86398,30.3,"B7",0.3482,"1F1"
49,86398,30.3,"C1",0.0915,"CONTROL"
49,86398,30.3,"C2",0.5526,"DH5A"
49,86398,30.3,"C3",0.1382,"DRAD"
49,86398,30.3,"C4",0.3059,"CM1"
49,86398,30.3,"C5",0.2853,"1FH2"
49,86398,30.3,"C6",0.4323,"1F5"
49,86398,30.3,"C7",0.3826,"1F1"
49,86398,30.3,"D1",0.0942,"CONTROL"
49,86398,30.3,"D2",0.54,"DH5A"
49,86398,30.3,"D3",0.1374,"DRAD"
49,86398,30.3,"D4",0.31,"CM1"
49,86398,30.3,"D5",0.2955,"1FH2"
49,86398,30.3,"D6",0.4176,"1F5"
49,86398,30.3,"D7",0.3304,"1F1"
49,86398,30.3,"E1",0.0948,"CONTROL"
49,86398,30.3,"E2",0.5572,"DH5A"
49,86398,30.3,"E3",0.2224,"DRAD"
49,86398,30.3,"E4",0.4782,"CM1"
49,86398,30.3,"E5",0.334,"1FH2"
49,86398,30.3,"E6",0.4071,"1F5"
49,86398,30.3,"E7",0.4774,"1F1"
49,86398,30.3,"F1",0.0917,"CONTROL"
49,86398,30.3,"F2",0.5387,"DH5A"
49,86398,30.3,"F3",0.4368,"DRAD"
49,86398,30.3,"F4",0.2823,"CM1"
49,86398,30.3,"F5",0.3308,"1FH2"
49,86398,30.3,"F6",0.3924,"1F5"
49,86398,30.3,"F7",0.5112,"1F1"
49,86398,30.3,"G1",0.0923,"CONTROL"
49,86398,30.3,"G2",0.5604,"DH5A"
49,86398,30.3,"G3",0.1331,"DRAD"
49,86398,30.3,"G4",0.3108,"CM1"
49,86398,30.3,"G5",0.3085,"1FH2"
49,86398,30.3,"G6",0.5347,"1F5"
49,86398,30.3,"G7",0.3207,"1F1"
49,86398,30.3,"H1",0.0955,"CONTROL"
49,86398,30.3,"H2",0.6229,"DH5A"
49,86398,30.3,"H3",0.1398,"DRAD"
49,86398,30.3,"H4",0.2773,"CM1"
49,86398,30.3,"H5",0.3296,"1FH2"
49,86398,30.3,"H6",0.5674,"1F5"
